globalid,COMPLETE,DEVICE_ID,DEVICE_TYPE,DURATION,END_TIME,EVENT_ID,H3_LIST,INFO_ALTITUDE,INFO_CMD,INFO_DEVICE_ID,INFO_EVENT_ID,INFO_H3_INDEX,INFO_HEADING,INFO_INFO_frame_time,INFO_INFO_ODID_basicID_id,INFO_INFO_ODID_basicID_uaType,INFO_INFO_ODID_loc_direction,INFO_INFO_ODID_loc_geoAlt,INFO_INFO_ODID_loc_height,INFO_INFO_ODID_loc_lat,INFO_INFO_ODID_loc_lon,INFO_INFO_ODID_loc_speed,INFO_INFO_ODID_loc_status,INFO_INFO_ODID_loc_vspeed,INFO_INFO_ODID_operator_id,INFO_INFO_ODID_operator_type,INFO_INFO_ODID_selfID_id,INFO_INFO_ODID_selfID_type,INFO_INFO_ODID_system_geoAlt,INFO_INFO_ODID_system_lat,INFO_INFO_ODID_system_lon,INFO_INFO_OpenDroneID_loc_lat,INFO_INFO_OpenDroneID_loc_lon,INFO_INFO_radio_bssid,INFO_INFO_radio_channel,INFO_INFO_radio_frequency,INFO_INFO_radio_rss,INFO_INFO_radio_ssid,INFO_INFO_radio_type,INFO_LAT,INFO_LOC_STATUS,INFO_LOC_STATUS_LABEL,INFO_LON,INFO_MODULE_TYPE,INFO_NODE_ID,INFO_OPERATOR_TYPE,INFO_OPERATOR_TYPE_LABEL,INFO_RAW_DEVICE_ID,INFO_SPEED,INFO_SYSTEM_LAT,INFO_SYSTEM_LON,INFO_TIME_DELAY,INFO_TIME_STAMP,INFO_UA_TYPE,INFO_UA_TYPE_LABEL,INFO_VSPEED,MAC,MAKE,MANUFACTURER,MAX_ALTITUDE,MAX_SPEED,MODEL,NODE_LIST,OPERATOR_ID,RAW_DEVICE_ID,SERVICE_LIST,SSID,START_TIME,u_id,UAS_ID,UAS_ID_LIST,UAS_ID_RECORDS,UAS_ID_TYPE,WARNING
{8B926790-BE29-5298-2003-15A45F894CF5},0.000000000000000,1581F5FJC247600D6INE,4.000000000000000,10.113502025604248,,1cz1yvXaTyvd,"[""852a1393fffffff""]",61.299999999999997,RID,1581F5FJC247600D6INE,1cz1yvXaTyvd,852a1393fffffff,,"Aug 06, 2024 19:00:34.115516 UTC",1581F5FJC247600D6INE,2,361.000000,110,80,40.317093154954506,-74.034785069124780,0,2,0,FIN87astrdge12k8,0,Drone ID test flight---,0,20.500000,40.321086706179656,-74.033074126188950,40.317538779444639,-74.037709533606247,00:0e:8e:bf:0e:69,6,2437,-62,DroneIDTest,wlan,40.317538779444639,2.000000000000000,Airborne,-74.037709533606247,RID,test_1,0.000000000000000,Takeoff,Sim_RID_0DRXSA,50.869999999999997,40.321086706179656,-74.033074126188950,0.061704000000000,,2.000000000000000,Helicopter/Multirotor,0.000000000000000,00:0e:8e:bf:0e:69,DJI,,61.299999999999997,55.880000000000003,M3T,"[""test_1"",""test_2"",""test_3""]",FIN87astrdge12k8,Sim_RID_0DRXSA,"[""66c78dbe411b7b67c46ddc75""]",DroneIDTest,,6aa2ba0f789990eef9e1d77e,1581F5FJC247600D6INE,"[""1581F5FJC247600D6INE""]","[{""id"":""1581F5FJC247600D6INE"",""type"":null,""type_label"":""Unknown""}]",Unknown,0.000000000000000
{CE2983BD-FEA4-5B5C-9689-2485136CD0E9},0.000000000000000,1581F5FJC247600D6INE,4.000000000000000,12.093825101852417,,1cz1yvXaTyvd,"[""852a1393fffffff""]",59.899999999999999,RID,1581F5FJC247600D6INE,1cz1yvXaTyvd,852a1393fffffff,,"Aug 06, 2024 19:00:34.115516 UTC",1581F5FJC247600D6INE,2,361.000000,110,80,40.317093154954506,-74.034785069124780,0,2,0,FIN87astrdge12k8,0,Drone ID test flight---,0,20.500000,40.321086706179656,-74.033074126188950,40.317349241819194,-74.038217078836155,00:0e:8e:bf:0e:69,6,2437,-62,DroneIDTest,wlan,40.317349241819194,2.000000000000000,Airborne,-74.038217078836155,RID,test_1,0.000000000000000,Takeoff,Sim_RID_0DRXSA,47.920000000000002,40.321086706179656,-74.033074126188950,0.051692000000000,,2.000000000000000,Helicopter/Multirotor,0.000000000000000,00:0e:8e:bf:0e:69,DJI,,61.299999999999997,55.880000000000003,M3T,"[""test_1"",""test_2"",""test_3""]",FIN87astrdge12k8,Sim_RID_0DRXSA,"[""66c78dbe411b7b67c46ddc75""]",DroneIDTest,,6aa2ba0f789990eef9e1d77e,1581F5FJC247600D6INE,"[""1581F5FJC247600D6INE""]","[{""id"":""1581F5FJC247600D6INE"",""type"":null,""type_label"":""Unknown""}]",Unknown,0.000000000000000
{6F06A052-C23A-41F3-BC72-2B3BBF25D8AD},0.000000000000000,1581F5FJC247600D6INE,4.000000000000000,14.064763069152832,,1cz1yvXaTyvd,"[""852a1393fffffff""]",58.500000000000000,RID,1581F5FJC247600D6INE,1cz1yvXaTyvd,852a1393fffffff,,"Aug 06, 2024 19:00:34.115516 UTC",1581F5FJC247600D6INE,2,361.000000,110,80,40.317093154954506,-74.034785069124780,0,2,0,FIN87astrdge12k8,0,Drone ID test flight---,0,20.500000,40.321086706179656,-74.033074126188950,40.316996806199739,-74.038671745380711,00:0e:8e:bf:0e:69,6,2437,-62,DroneIDTest,wlan,40.316996806199739,2.000000000000000,Airborne,-74.038671745380711,RID,test_1,0.000000000000000,Takeoff,Sim_RID_0DRXSA,54.969999999999999,40.321086706179656,-74.033074126188950,0.050331000000000,,2.000000000000000,Helicopter/Multirotor,0.000000000000000,00:0e:8e:bf:0e:69,DJI,,61.299999999999997,55.880000000000003,M3T,"[""test_1"",""test_2"",""test_3""]",FIN87astrdge12k8,Sim_RID_0DRXSA,"[""66c78dbe411b7b67c46ddc75""]",DroneIDTest,,6aa2ba0f789990eef9e1d77e,1581F5FJC247600D6INE,"[""1581F5FJC247600D6INE""]","[{""id"":""1581F5FJC247600D6INE"",""type"":null,""type_label"":""Unknown""}]",Unknown,0.000000000000000
{418D2A11-3FB3-661F-EE98-CBD95BAEDA4F},0.000000000000000,1581F5FJC247600D6INE,4.000000000000000,16.043656110763550,,1cz1yvXaTyvd,"[""852a1393fffffff""]",57.799999999999997,RID,1581F5FJC247600D6INE,1cz1yvXaTyvd,852a1393fffffff,,"Aug 06, 2024 19:00:34.115516 UTC",1581F5FJC247600D6INE,2,361.000000,110,80,40.317093154954506,-74.034785069124780,0,2,0,FIN87astrdge12k8,0,Drone ID test flight---,0,20.500000,40.321086706179656,-74.033074126188950,40.316558035072255,-74.038996556891732,00:0e:8e:bf:0e:69,6,2437,-62,DroneIDTest,wlan,40.316558035072255,2.000000000000000,Airborne,-74.038996556891732,RID,test_1,0.000000000000000,Takeoff,Sim_RID_0DRXSA,56.020000000000003,40.321086706179656,-74.033074126188950,0.052064000000000,,2.000000000000000,Helicopter/Multirotor,0.000000000000000,00:0e:8e:bf:0e:69,DJI,,61.299999999999997,56.020000000000003,M3T,"[""test_1"",""test_2"",""test_3""]",FIN87astrdge12k8,Sim_RID_0DRXSA,"[""66c78dbe411b7b67c46ddc75""]",DroneIDTest,,6aa2ba0f789990eef9e1d77e,1581F5FJC247600D6INE,"[""1581F5FJC247600D6INE""]","[{""id"":""1581F5FJC247600D6INE"",""type"":null,""type_label"":""Unknown""}]",Unknown,0.000000000000000
{B57DCC90-DFF0-4CCD-3A42-D73832B5070E},0.000000000000000,1581F5FJC247600D6INE,4.000000000000000,18.033565998077393,,1cz1yvXaTyvd,"[""852a1393fffffff""]",57.299999999999997,RID,1581F5FJC247600D6INE,1cz1yvXaTyvd,852a1393fffffff,,"Aug 06, 2024 19:00:34.115516 UTC",1581F5FJC247600D6INE,2,361.000000,110,80,40.317093154954506,-74.034785069124780,0,2,0,FIN87astrdge12k8,0,Drone ID test flight---,0,20.500000,40.321086706179656,-74.033074126188950,40.316181489252926,-74.039192280560016,00:0e:8e:bf:0e:69,6,2437,-62,DroneIDTest,wlan,40.316181489252926,2.000000000000000,Airborne,-74.039192280560016,RID,test_1,0.000000000000000,Takeoff,Sim_RID_0DRXSA,45.039999999999999,40.321086706179656,-74.033074126188950,0.051740000000000,,2.000000000000000,Helicopter/Multirotor,0.000000000000000,00:0e:8e:bf:0e:69,DJI,,61.299999999999997,56.020000000000003,M3T,"[""test_1"",""test_2"",""test_3""]",FIN87astrdge12k8,Sim_RID_0DRXSA,"[""66c78dbe411b7b67c46ddc75""]",DroneIDTest,,6aa2ba0f789990eef9e1d77e,1581F5FJC247600D6INE,"[""1581F5FJC247600D6INE""]","[{""id"":""1581F5FJC247600D6INE"",""type"":null,""type_label"":""Unknown""}]",Unknown,0.000000000000000
{D2DB4074-3F88-2431-8187-E84F9745E61F},0.000000000000000,1581F5FJC247600D6INE,4.000000000000000,20.013636112213135,,1cz1yvXaTyvd,"[""852a1393fffffff""]",53.899999999999999,RID,1581F5FJC247600D6INE,1cz1yvXaTyvd,852a1393fffffff,,"Aug 06, 2024 19:00:34.115516 UTC",1581F5FJC247600D6INE,2,361.000000,110,80,40.317093154954506,-74.034785069124780,0,2,0,FIN87astrdge12k8,0,Drone ID test flight---,0,20.500000,40.321086706179656,-74.033074126188950,40.315749392320456,-74.039428131592373,00:0e:8e:bf:0e:69,6,2437,-62,DroneIDTest,wlan,40.315749392320456,2.000000000000000,Airborne,-74.039428131592373,RID,test_1,0.000000000000000,Takeoff,Sim_RID_0DRXSA,52.039999999999999,40.321086706179656,-74.033074126188950,0.051603000000000,,2.000000000000000,Helicopter/Multirotor,0.000000000000000,00:0e:8e:bf:0e:69,DJI,,61.299999999999997,56.020000000000003,M3T,"[""test_1"",""test_2"",""test_3""]",FIN87astrdge12k8,Sim_RID_0DRXSA,"[""66c78dbe411b7b67c46ddc75""]",DroneIDTest,,6aa2ba0f789990eef9e1d77e,1581F5FJC247600D6INE,"[""1581F5FJC247600D6INE""]","[{""id"":""1581F5FJC247600D6INE"",""type"":null,""type_label"":""Unknown""}]",Unknown,0.000000000000000
{799148DE-8F88-E62F-B835-E0CC4B7557AE},0.000000000000000,1581F5FJC247600D6INE,4.000000000000000,21.983489036560059,,1cz1yvXaTyvd,"[""852a1393fffffff""]",54.700000000000003,RID,1581F5FJC247600D6INE,1cz1yvXaTyvd,852a1393fffffff,,"Aug 06, 2024 19:00:34.115516 UTC",1581F5FJC247600D6INE,2,361.000000,110,80,40.317093154954506,-74.034785069124780,0,2,0,FIN87astrdge12k8,0,Drone ID test flight---,0,20.500000,40.321086706179656,-74.033074126188950,40.315399160515128,-74.039717164514485,00:0e:8e:bf:0e:69,6,2437,-62,DroneIDTest,wlan,40.315399160515128,2.000000000000000,Airborne,-74.039717164514485,RID,test_1,0.000000000000000,Takeoff,Sim_RID_0DRXSA,46.009999999999998,40.321086706179656,-74.033074126188950,0.052022000000000,,2.000000000000000,Helicopter/Multirotor,0.000000000000000,00:0e:8e:bf:0e:69,DJI,,61.299999999999997,56.020000000000003,M3T,"[""test_1"",""test_2"",""test_3""]",FIN87astrdge12k8,Sim_RID_0DRXSA,"[""66c78dbe411b7b67c46ddc75""]",DroneIDTest,,6aa2ba0f789990eef9e1d77e,1581F5FJC247600D6INE,"[""1581F5FJC247600D6INE""]","[{""id"":""1581F5FJC247600D6INE"",""type"":null,""type_label"":""Unknown""}]",Unknown,0.000000000000000
{0F899425-B42C-BCFC-EEA8-1ADB3C324422},0.000000000000000,1581F5FJC247600D6INE,4.000000000000000,23.973533153533936,,1cz1yvXaTyvd,"[""852a1393fffffff""]",50.200000000000003,RID,1581F5FJC247600D6INE,1cz1yvXaTyvd,852a1393fffffff,,"Aug 06, 2024 19:00:34.115516 UTC",1581F5FJC247600D6INE,2,361.000000,110,80,40.317093154954506,-74.034785069124780,0,2,0,FIN87astrdge12k8,0,Drone ID test flight---,0,20.500000,40.321086706179656,-74.033074126188950,40.315101383693666,-74.040158409600579,00:0e:8e:bf:0e:69,6,2437,-62,DroneIDTest,wlan,40.315101383693666,2.000000000000000,Airborne,-74.040158409600579,RID,test_1,0.000000000000000,Takeoff,Sim_RID_0DRXSA,49.960000000000001,40.321086706179656,-74.033074126188950,0.051683000000000,,2.000000000000000,Helicopter/Multirotor,0.000000000000000,00:0e:8e:bf:0e:69,DJI,,61.299999999999997,56.020000000000003,M3T,"[""test_1"",""test_2"",""test_3""]",FIN87astrdge12k8,Sim_RID_0DRXSA,"[""66c78dbe411b7b67c46ddc75""]",DroneIDTest,,6aa2ba0f789990eef9e1d77e,1581F5FJC247600D6INE,"[""1581F5FJC247600D6INE""]","[{""id"":""1581F5FJC247600D6INE"",""type"":null,""type_label"":""Unknown""}]",Unknown,0.000000000000000
{1A6173C6-276E-8E05-01FF-6443A3207BA5},0.000000000000000,1581F5FJC247600D6INE,4.000000000000000,25.963566064834595,,1cz1yvXaTyvd,"[""852a1393fffffff""]",51.000000000000000,RID,1581F5FJC247600D6INE,1cz1yvXaTyvd,852a1393fffffff,,"Aug 06, 2024 19:00:34.115516 UTC",1581F5FJC247600D6INE,2,361.000000,110,80,40.317093154954506,-74.034785069124780,0,2,0,FIN87astrdge12k8,0,Drone ID test flight---,0,20.500000,40.321086706179656,-74.033074126188950,40.314898442286236,-74.040657013518398,00:0e:8e:bf:0e:69,6,2437,-62,DroneIDTest,wlan,40.314898442286236,2.000000000000000,Airborne,-74.040657013518398,RID,test_1,0.000000000000000,Takeoff,Sim_RID_0DRXSA,47.920000000000002,40.321086706179656,-74.033074126188950,0.061944000000000,,2.000000000000000,Helicopter/Multirotor,0.000000000000000,00:0e:8e:bf:0e:69,DJI,,61.299999999999997,56.020000000000003,M3T,"[""test_1"",""test_2"",""test_3""]",FIN87astrdge12k8,Sim_RID_0DRXSA,"[""66c78dbe411b7b67c46ddc75""]",DroneIDTest,,6aa2ba0f789990eef9e1d77e,1581F5FJC247600D6INE,"[""1581F5FJC247600D6INE""]","[{""id"":""1581F5FJC247600D6INE"",""type"":null,""type_label"":""Unknown""}]",Unknown,0.000000000000000
{EDAE9F98-FFA1-CF0F-8976-16BBE6B289E3},0.000000000000000,1581F5FJC247600D6INE,4.000000000000000,27.943579196929932,,1cz1yvXaTyvd,"[""852a1393fffffff""]",54.600000000000001,RID,1581F5FJC247600D6INE,1cz1yvXaTyvd,852a1393fffffff,,"Aug 06, 2024 19:00:34.115516 UTC",1581F5FJC247600D6INE,2,361.000000,110,80,40.317093154954506,-74.034785069124780,0,2,0,FIN87astrdge12k8,0,Drone ID test flight---,0,20.500000,40.321086706179656,-74.033074126188950,40.314693315442703,-74.041258874789236,00:0e:8e:bf:0e:69,6,2437,-62,DroneIDTest,wlan,40.314693315442703,2.000000000000000,Airborne,-74.041258874789236,RID,test_1,0.000000000000000,Takeoff,Sim_RID_0DRXSA,55.899999999999999,40.321086706179656,-74.033074126188950,0.051607000000000,,2.000000000000000,Helicopter/Multirotor,0.000000000000000,00:0e:8e:bf:0e:69,DJI,,61.299999999999997,56.020000000000003,M3T,"[""test_1"",""test_2"",""test_3""]",FIN87astrdge12k8,Sim_RID_0DRXSA,"[""66c78dbe411b7b67c46ddc75""]",DroneIDTest,,6aa2ba0f789990eef9e1d77e,1581F5FJC247600D6INE,"[""1581F5FJC247600D6INE""]","[{""id"":""1581F5FJC247600D6INE"",""type"":null,""type_label"":""Unknown""}]",Unknown,0.000000000000000
{7AF07844-15D0-099F-086C-E17A93268211},0.000000000000000,1581F5FJC247600D6INE,4.000000000000000,29.913612127304077,,1cz1yvXaTyvd,"[""852a1393fffffff""]",55.100000000000001,RID,1581F5FJC247600D6INE,1cz1yvXaTyvd,852a1393fffffff,,"Aug 06, 2024 19:00:34.115516 UTC",1581F5FJC247600D6INE,2,361.000000,110,80,40.317093154954506,-74.034785069124780,0,2,0,FIN87astrdge12k8,0,Drone ID test flight---,0,20.500000,40.321086706179656,-74.033074126188950,40.314561375629665,-74.041759439169297,00:0e:8e:bf:0e:69,6,2437,-62,DroneIDTest,wlan,40.314561375629665,2.000000000000000,Airborne,-74.041759439169297,RID,test_1,0.000000000000000,Takeoff,Sim_RID_0DRXSA,44.909999999999997,40.321086706179656,-74.033074126188950,0.051779000000000,,2.000000000000000,Helicopter/Multirotor,0.000000000000000,00:0e:8e:bf:0e:69,DJI,,61.299999999999997,56.020000000000003,M3T,"[""test_1"",""test_2"",""test_3""]",FIN87astrdge12k8,Sim_RID_0DRXSA,"[""66c78dbe411b7b67c46ddc75""]",DroneIDTest,,6aa2ba0f789990eef9e1d77e,1581F5FJC247600D6INE,"[""1581F5FJC247600D6INE""]","[{""id"":""1581F5FJC247600D6INE"",""type"":null,""type_label"":""Unknown""}]",Unknown,0.000000000000000
{002E7CF3-56E0-B09B-7182-180B9FB50730},0.000000000000000,1581F5FJC247600D6INE,4.000000000000000,31.883573055267334,,1cz1yvXaTyvd,"[""852a1393fffffff""]",57.700000000000003,RID,1581F5FJC247600D6INE,1cz1yvXaTyvd,852a1393fffffff,,"Aug 06, 2024 19:00:34.115516 UTC",1581F5FJC247600D6INE,2,361.000000,110,80,40.317093154954506,-74.034785069124780,0,2,0,FIN87astrdge12k8,0,Drone ID test flight---,0,20.500000,40.321086706179656,-74.033074126188950,40.314316875165751,-74.042335652209346,00:0e:8e:bf:0e:69,6,2437,-62,DroneIDTest,wlan,40.314316875165751,2.000000000000000,Airborne,-74.042335652209346,RID,test_1,0.000000000000000,Takeoff,Sim_RID_0DRXSA,55.909999999999997,40.321086706179656,-74.033074126188950,0.052009000000000,,2.000000000000000,Helicopter/Multirotor,0.000000000000000,00:0e:8e:bf:0e:69,DJI,,61.299999999999997,56.020000000000003,M3T,"[""test_1"",""test_2"",""test_3""]",FIN87astrdge12k8,Sim_RID_0DRXSA,"[""66c78dbe411b7b67c46ddc75""]",DroneIDTest,,6aa2ba0f789990eef9e1d77e,1581F5FJC247600D6INE,"[""1581F5FJC247600D6INE""]","[{""id"":""1581F5FJC247600D6INE"",""type"":null,""type_label"":""Unknown""}]",Unknown,0.000000000000000
{551BE847-E3B6-2C30-99CE-9A6382721492},0.000000000000000,1581F5FJC247600D6INE,4.000000000000000,33.853705167770386,,1cz1yvXaTyvd,"[""852a1393fffffff""]",59.600000000000001,RID,1581F5FJC247600D6INE,1cz1yvXaTyvd,852a1393fffffff,,"Aug 06, 2024 19:00:34.115516 UTC",1581F5FJC247600D6INE,2,361.000000,110,80,40.317093154954506,-74.034785069124780,0,2,0,FIN87astrdge12k8,0,Drone ID test flight---,0,20.500000,40.321086706179656,-74.033074126188950,40.314089839106600,-74.042870705383194,00:0e:8e:bf:0e:69,6,2437,-62,DroneIDTest,wlan,40.314089839106600,2.000000000000000,Airborne,-74.042870705383194,RID,test_1,0.000000000000000,Takeoff,Sim_RID_0DRXSA,51.920000000000002,40.321086706179656,-74.033074126188950,0.051741000000000,,2.000000000000000,Helicopter/Multirotor,0.000000000000000,00:0e:8e:bf:0e:69,DJI,,61.299999999999997,56.020000000000003,M3T,"[""test_1"",""test_2"",""test_3""]",FIN87astrdge12k8,Sim_RID_0DRXSA,"[""66c78dbe411b7b67c46ddc75""]",DroneIDTest,,6aa2ba0f789990eef9e1d77e,1581F5FJC247600D6INE,"[""1581F5FJC247600D6INE""]","[{""id"":""1581F5FJC247600D6INE"",""type"":null,""type_label"":""Unknown""}]",Unknown,0.000000000000000
{A7A3A890-01B5-3FF6-A980-AA35BF534A9D},0.000000000000000,1581F5FJC247600D6INE,4.000000000000000,35.833539009094238,,1cz1yvXaTyvd,"[""852a1393fffffff""]",57.200000000000003,RID,1581F5FJC247600D6INE,1cz1yvXaTyvd,852a1393fffffff,,"Aug 06, 2024 19:00:34.115516 UTC",1581F5FJC247600D6INE,2,361.000000,110,80,40.317093154954506,-74.034785069124780,0,2,0,FIN87astrdge12k8,0,Drone ID test flight---,0,20.500000,40.321086706179656,-74.033074126188950,40.313903345047144,-74.043393155630355,00:0e:8e:bf:0e:69,6,2437,-62,DroneIDTest,wlan,40.313903345047144,2.000000000000000,Airborne,-74.043393155630355,RID,test_1,0.000000000000000,Takeoff,Sim_RID_0DRXSA,48.909999999999997,40.321086706179656,-74.033074126188950,0.061914000000000,,2.000000000000000,Helicopter/Multirotor,0.000000000000000,00:0e:8e:bf:0e:69,DJI,,61.299999999999997,56.020000000000003,M3T,"[""test_1"",""test_2"",""test_3""]",FIN87astrdge12k8,Sim_RID_0DRXSA,"[""66c78dbe411b7b67c46ddc75""]",DroneIDTest,,6aa2ba0f789990eef9e1d77e,1581F5FJC247600D6INE,"[""1581F5FJC247600D6INE""]","[{""id"":""1581F5FJC247600D6INE"",""type"":null,""type_label"":""Unknown""}]",Unknown,0.000000000000000
{C73F2736-9CDA-2F52-C1BE-41850BC7C3CE},0.000000000000000,1581F5FJC247600D6INE,4.000000000000000,37.823618173599243,,1cz1yvXaTyvd,"[""852a1393fffffff""]",59.600000000000001,RID,1581F5FJC247600D6INE,1cz1yvXaTyvd,852a1393fffffff,,"Aug 06, 2024 19:00:34.115516 UTC",1581F5FJC247600D6INE,2,361.000000,110,80,40.317093154954506,-74.034785069124780,0,2,0,FIN87astrdge12k8,0,Drone ID test flight---,0,20.500000,40.321086706179656,-74.033074126188950,40.313762609150210,-74.043927084677946,00:0e:8e:bf:0e:69,6,2437,-62,DroneIDTest,wlan,40.313762609150210,2.000000000000000,Airborne,-74.043927084677946,RID,test_1,0.000000000000000,Takeoff,Sim_RID_0DRXSA,47.899999999999999,40.321086706179656,-74.033074126188950,0.051882000000000,,2.000000000000000,Helicopter/Multirotor,0.000000000000000,00:0e:8e:bf:0e:69,DJI,,61.299999999999997,56.020000000000003,M3T,"[""test_1"",""test_2"",""test_3""]",FIN87astrdge12k8,Sim_RID_0DRXSA,"[""66c78dbe411b7b67c46ddc75""]",DroneIDTest,,6aa2ba0f789990eef9e1d77e,1581F5FJC247600D6INE,"[""1581F5FJC247600D6INE""]","[{""id"":""1581F5FJC247600D6INE"",""type"":null,""type_label"":""Unknown""}]",Unknown,0.000000000000000
{8DAD937C-80D1-441C-AC3D-BE7A7C89B600},0.000000000000000,1581F5FJC247600D6INE,4.000000000000000,39.803555011749268,,1cz1yvXaTyvd,"[""852a1393fffffff""]",60.100000000000001,RID,1581F5FJC247600D6INE,1cz1yvXaTyvd,852a1393fffffff,,"Aug 06, 2024 19:00:34.115516 UTC",1581F5FJC247600D6INE,2,361.000000,110,80,40.317093154954506,-74.034785069124780,0,2,0,FIN87astrdge12k8,0,Drone ID test flight---,0,20.500000,40.321086706179656,-74.033074126188950,40.313549424204481,-74.044498069845730,00:0e:8e:bf:0e:69,6,2437,-62,DroneIDTest,wlan,40.313549424204481,2.000000000000000,Airborne,-74.044498069845730,RID,test_1,0.000000000000000,Takeoff,Sim_RID_0DRXSA,53.899999999999999,40.321086706179656,-74.033074126188950,0.052005000000000,,2.000000000000000,Helicopter/Multirotor,0.000000000000000,00:0e:8e:bf:0e:69,DJI,,61.299999999999997,56.020000000000003,M3T,"[""test_1"",""test_2"",""test_3""]",FIN87astrdge12k8,Sim_RID_0DRXSA,"[""66c78dbe411b7b67c46ddc75""]",DroneIDTest,,6aa2ba0f789990eef9e1d77e,1581F5FJC247600D6INE,"[""1581F5FJC247600D6INE""]","[{""id"":""1581F5FJC247600D6INE"",""type"":null,""type_label"":""Unknown""}]",Unknown,0.000000000000000
{5AC8A469-9DBE-9B81-409C-F876AF1263EE},0.000000000000000,1581F5FJC247600D6INE,4.000000000000000,41.783720016479492,,1cz1yvXaTyvd,"[""852a1393fffffff""]",60.200000000000003,RID,1581F5FJC247600D6INE,1cz1yvXaTyvd,852a1393fffffff,,"Aug 06, 2024 19:00:34.115516 UTC",1581F5FJC247600D6INE,2,361.000000,110,80,40.317093154954506,-74.034785069124780,0,2,0,FIN87astrdge12k8,0,Drone ID test flight---,0,20.500000,40.321086706179656,-74.033074126188950,40.313378372775951,-74.045080169567456,00:0e:8e:bf:0e:69,6,2437,-62,DroneIDTest,wlan,40.313378372775951,2.000000000000000,Airborne,-74.045080169567456,RID,test_1,0.000000000000000,Takeoff,Sim_RID_0DRXSA,52.890000000000001,40.321086706179656,-74.033074126188950,0.061821000000000,,2.000000000000000,Helicopter/Multirotor,0.000000000000000,00:0e:8e:bf:0e:69,DJI,,61.299999999999997,56.020000000000003,M3T,"[""test_1"",""test_2"",""test_3""]",FIN87astrdge12k8,Sim_RID_0DRXSA,"[""66c78dbe411b7b67c46ddc75""]",DroneIDTest,,6aa2ba0f789990eef9e1d77e,1581F5FJC247600D6INE,"[""1581F5FJC247600D6INE""]","[{""id"":""1581F5FJC247600D6INE"",""type"":null,""type_label"":""Unknown""}]",Unknown,0.000000000000000
{038F05FE-F1BB-5D29-5B6C-126B6F9D22F6},0.000000000000000,1581F5FJC247600D6INE,4.000000000000000,43.763676166534424,,1cz1yvXaTyvd,"[""852a1393fffffff""]",61.899999999999999,RID,1581F5FJC247600D6INE,1cz1yvXaTyvd,852a1393fffffff,,"Aug 06, 2024 19:00:34.115516 UTC",1581F5FJC247600D6INE,2,361.000000,110,80,40.317093154954506,-74.034785069124780,0,2,0,FIN87astrdge12k8,0,Drone ID test flight---,0,20.500000,40.321086706179656,-74.033074126188950,40.313202803404529,-74.045710298370793,00:0e:8e:bf:0e:69,6,2437,-62,DroneIDTest,wlan,40.313202803404529,2.000000000000000,Airborne,-74.045710298370793,RID,test_1,0.000000000000000,Takeoff,Sim_RID_0DRXSA,56.880000000000003,40.321086706179656,-74.033074126188950,0.051625000000000,,2.000000000000000,Helicopter/Multirotor,0.000000000000000,00:0e:8e:bf:0e:69,DJI,,61.899999999999999,56.880000000000003,M3T,"[""test_1"",""test_2"",""test_3""]",FIN87astrdge12k8,Sim_RID_0DRXSA,"[""66c78dbe411b7b67c46ddc75""]",DroneIDTest,,6aa2ba0f789990eef9e1d77e,1581F5FJC247600D6INE,"[""1581F5FJC247600D6INE""]","[{""id"":""1581F5FJC247600D6INE"",""type"":null,""type_label"":""Unknown""}]",Unknown,0.000000000000000
{814BE5AC-B7CC-C09B-7C62-9E67F82E791F},0.000000000000000,1581F5FJC247600D6INE,4.000000000000000,45.733733177185059,,1cz1yvXaTyvd,"[""852a1393fffffff""]",61.700000000000003,RID,1581F5FJC247600D6INE,1cz1yvXaTyvd,852a1393fffffff,,"Aug 06, 2024 19:00:34.115516 UTC",1581F5FJC247600D6INE,2,361.000000,110,80,40.317093154954506,-74.034785069124780,0,2,0,FIN87astrdge12k8,0,Drone ID test flight---,0,20.500000,40.321086706179656,-74.033074126188950,40.313023921366330,-74.046211417617442,00:0e:8e:bf:0e:69,6,2437,-62,DroneIDTest,wlan,40.313023921366330,2.000000000000000,Airborne,-74.046211417617442,RID,test_1,0.000000000000000,Takeoff,Sim_RID_0DRXSA,46.909999999999997,40.321086706179656,-74.033074126188950,0.051757000000000,,2.000000000000000,Helicopter/Multirotor,0.000000000000000,00:0e:8e:bf:0e:69,DJI,,61.899999999999999,56.880000000000003,M3T,"[""test_1"",""test_2"",""test_3""]",FIN87astrdge12k8,Sim_RID_0DRXSA,"[""66c78dbe411b7b67c46ddc75""]",DroneIDTest,,6aa2ba0f789990eef9e1d77e,1581F5FJC247600D6INE,"[""1581F5FJC247600D6INE""]","[{""id"":""1581F5FJC247600D6INE"",""type"":null,""type_label"":""Unknown""}]",Unknown,0.000000000000000
{5046520A-9A7B-84E0-E98A-E671C8E0975D},0.000000000000000,1581F5FJC247600D6INE,4.000000000000000,47.703695058822632,,1cz1yvXaTyvd,"[""852a1393fffffff""]",61.899999999999999,RID,1581F5FJC247600D6INE,1cz1yvXaTyvd,852a1393fffffff,,"Aug 06, 2024 19:00:34.115516 UTC",1581F5FJC247600D6INE,2,361.000000,110,80,40.317093154954506,-74.034785069124780,0,2,0,FIN87astrdge12k8,0,Drone ID test flight---,0,20.500000,40.321086706179656,-74.033074126188950,40.313106802474039,-74.046825455793851,00:0e:8e:bf:0e:69,6,2437,-62,DroneIDTest,wlan,40.313106802474039,2.000000000000000,Airborne,-74.046825455793851,RID,test_1,0.000000000000000,Takeoff,Sim_RID_0DRXSA,52.869999999999997,40.321086706179656,-74.033074126188950,0.051888000000000,,2.000000000000000,Helicopter/Multirotor,0.000000000000000,00:0e:8e:bf:0e:69,DJI,,61.899999999999999,56.880000000000003,M3T,"[""test_1"",""test_2"",""test_3""]",FIN87astrdge12k8,Sim_RID_0DRXSA,"[""66c78dbe411b7b67c46ddc75""]",DroneIDTest,,6aa2ba0f789990eef9e1d77e,1581F5FJC247600D6INE,"[""1581F5FJC247600D6INE""]","[{""id"":""1581F5FJC247600D6INE"",""type"":null,""type_label"":""Unknown""}]",Unknown,0.000000000000000
{ECDA61C2-1178-BE66-2598-6E980606B413},0.000000000000000,1581F5FJC247600D6INE,4.000000000000000,49.673774003982544,,1cz1yvXaTyvd,"[""852a1393fffffff""]",60.600000000000001,RID,1581F5FJC247600D6INE,1cz1yvXaTyvd,852a1393fffffff,,"Aug 06, 2024 19:00:34.115516 UTC",1581F5FJC247600D6INE,2,361.000000,110,80,40.317093154954506,-74.034785069124780,0,2,0,FIN87astrdge12k8,0,Drone ID test flight---,0,20.500000,40.321086706179656,-74.033074126188950,40.313195938626095,-74.047485837342421,00:0e:8e:bf:0e:69,6,2437,-62,DroneIDTest,wlan,40.313195938626095,2.000000000000000,Airborne,-74.047485837342421,RID,test_1,0.000000000000000,Takeoff,Sim_RID_0DRXSA,56.859999999999999,40.321086706179656,-74.033074126188950,0.051476000000000,,2.000000000000000,Helicopter/Multirotor,0.000000000000000,00:0e:8e:bf:0e:69,DJI,,63.600000000000001,56.880000000000003,M3T,"[""test_1"",""test_2"",""test_3""]",FIN87astrdge12k8,Sim_RID_0DRXSA,"[""66c78dbe411b7b67c46ddc75""]",DroneIDTest,,6aa2ba0f789990eef9e1d77e,1581F5FJC247600D6INE,"[""1581F5FJC247600D6INE""]","[{""id"":""1581F5FJC247600D6INE"",""type"":null,""type_label"":""Unknown""}]",Unknown,0.000000000000000
{958955CB-2127-1F27-8D5C-0447C1CD09D8},0.000000000000000,1581F5FJC247600D6INE,4.000000000000000,51.663697004318237,,1cz1yvXaTyvd,"[""852a1393fffffff""]",61.799999999999997,RID,1581F5FJC247600D6INE,1cz1yvXaTyvd,852a1393fffffff,,"Aug 06, 2024 19:00:34.115516 UTC",1581F5FJC247600D6INE,2,361.000000,110,80,40.317093154954506,-74.034785069124780,0,2,0,FIN87astrdge12k8,0,Drone ID test flight---,0,20.500000,40.321086706179656,-74.033074126188950,40.313181794152101,-74.048014911315647,00:0e:8e:bf:0e:69,6,2437,-62,DroneIDTest,wlan,40.313181794152101,2.000000000000000,Airborne,-74.048014911315647,RID,test_1,0.000000000000000,Takeoff,Sim_RID_0DRXSA,44.890000000000001,40.321086706179656,-74.033074126188950,0.051463000000000,,2.000000000000000,Helicopter/Multirotor,0.000000000000000,00:0e:8e:bf:0e:69,DJI,,63.600000000000001,56.880000000000003,M3T,"[""test_1"",""test_2"",""test_3""]",FIN87astrdge12k8,Sim_RID_0DRXSA,"[""66c78dbe411b7b67c46ddc75""]",DroneIDTest,,6aa2ba0f789990eef9e1d77e,1581F5FJC247600D6INE,"[""1581F5FJC247600D6INE""]","[{""id"":""1581F5FJC247600D6INE"",""type"":null,""type_label"":""Unknown""}]",Unknown,0.000000000000000
{37AD2ADC-26AE-1D0A-8C98-EEDF25137E7D},0.000000000000000,1581F5FJC247600D6INE,4.000000000000000,53.633527040481567,,1cz1yvXaTyvd,"[""852a1393fffffff""]",61.600000000000001,RID,1581F5FJC247600D6INE,1cz1yvXaTyvd,852a1393fffffff,,"Aug 06, 2024 19:00:34.115516 UTC",1581F5FJC247600D6INE,2,361.000000,110,80,40.317093154954506,-74.034785069124780,0,2,0,FIN87astrdge12k8,0,Drone ID test flight---,0,20.500000,40.321086706179656,-74.033074126188950,40.313232625492439,-74.048646707442956,00:0e:8e:bf:0e:69,6,2437,-62,DroneIDTest,wlan,40.313232625492439,2.000000000000000,Airborne,-74.048646707442956,RID,test_1,0.000000000000000,Takeoff,Sim_RID_0DRXSA,53.869999999999997,40.321086706179656,-74.033074126188950,0.052008000000000,,2.000000000000000,Helicopter/Multirotor,0.000000000000000,00:0e:8e:bf:0e:69,DJI,,63.600000000000001,56.880000000000003,M3T,"[""test_1"",""test_2"",""test_3""]",FIN87astrdge12k8,Sim_RID_0DRXSA,"[""66c78dbe411b7b67c46ddc75""]",DroneIDTest,,6aa2ba0f789990eef9e1d77e,1581F5FJC247600D6INE,"[""1581F5FJC247600D6INE""]","[{""id"":""1581F5FJC247600D6INE"",""type"":null,""type_label"":""Unknown""}]",Unknown,0.000000000000000
{B64F4E1E-95AE-9A89-62A4-157FDA9D364F},0.000000000000000,1581F5FJC247600D6INE,4.000000000000000,55.613538026809692,,1cz1yvXaTyvd,"[""852a1393fffffff""]",63.600000000000001,RID,1581F5FJC247600D6INE,1cz1yvXaTyvd,852a1393fffffff,,"Aug 06, 2024 19:00:34.115516 UTC",1581F5FJC247600D6INE,2,361.000000,110,80,40.317093154954506,-74.034785069124780,0,2,0,FIN87astrdge12k8,0,Drone ID test flight---,0,20.500000,40.321086706179656,-74.033074126188950,40.313223664784552,-74.049317174584672,00:0e:8e:bf:0e:69,6,2437,-62,DroneIDTest,wlan,40.313223664784552,2.000000000000000,Airborne,-74.049317174584672,RID,test_1,0.000000000000000,Takeoff,Sim_RID_0DRXSA,56.859999999999999,40.321086706179656,-74.033074126188950,0.051664000000000,,2.000000000000000,Helicopter/Multirotor,0.000000000000000,00:0e:8e:bf:0e:69,DJI,,63.600000000000001,56.880000000000003,M3T,"[""test_1"",""test_2"",""test_3""]",FIN87astrdge12k8,Sim_RID_0DRXSA,"[""66c78dbe411b7b67c46ddc75""]",DroneIDTest,,6aa2ba0f789990eef9e1d77e,1581F5FJC247600D6INE,"[""1581F5FJC247600D6INE""]","[{""id"":""1581F5FJC247600D6INE"",""type"":null,""type_label"":""Unknown""}]",Unknown,0.000000000000000
{06696924-D406-F593-4C6F-2E25C08F9799},0.000000000000000,1581F5FJC247600D6INE,4.000000000000000,57.583508014678955,,1cz1yvXaTyvd,"[""852a1393fffffff""]",65.400000000000006,RID,1581F5FJC247600D6INE,1cz1yvXaTyvd,852a1393fffffff,,"Aug 06, 2024 19:00:34.115516 UTC",1581F5FJC247600D6INE,2,361.000000,110,80,40.317093154954506,-74.034785069124780,0,2,0,FIN87astrdge12k8,0,Drone ID test flight---,0,20.500000,40.321086706179656,-74.033074126188950,40.313356451089660,-74.049817346978301,00:0e:8e:bf:0e:69,6,2437,-62,DroneIDTest,wlan,40.313356451089660,2.000000000000000,Airborne,-74.049817346978301,RID,test_1,0.000000000000000,Takeoff,Sim_RID_0DRXSA,44.909999999999997,40.321086706179656,-74.033074126188950,0.051802000000000,,2.000000000000000,Helicopter/Multirotor,0.000000000000000,00:0e:8e:bf:0e:69,DJI,,65.400000000000006,56.880000000000003,M3T,"[""test_1"",""test_2"",""test_3""]",FIN87astrdge12k8,Sim_RID_0DRXSA,"[""66c78dbe411b7b67c46ddc75""]",DroneIDTest,,6aa2ba0f789990eef9e1d77e,1581F5FJC247600D6INE,"[""1581F5FJC247600D6INE""]","[{""id"":""1581F5FJC247600D6INE"",""type"":null,""type_label"":""Unknown""}]",Unknown,0.000000000000000
{94D27919-1E8E-A0B3-D92F-49FACADF826C},0.000000000000000,1581F5FJC247600D6INE,4.000000000000000,59.563790082931519,,1cz1yvXaTyvd,"[""852a1393fffffff""]",67.599999999999994,RID,1581F5FJC247600D6INE,1cz1yvXaTyvd,852a1393fffffff,,"Aug 06, 2024 19:00:34.115516 UTC",1581F5FJC247600D6INE,2,361.000000,110,80,40.317093154954506,-74.034785069124780,0,2,0,FIN87astrdge12k8,0,Drone ID test flight---,0,20.500000,40.321086706179656,-74.033074126188950,40.316944549886188,-74.045230720962522,00:0e:8e:bf:0e:69,6,2437,-62,DroneIDTest,wlan,40.316944549886188,2.000000000000000,Airborne,-74.045230720962522,RID,test_1,0.000000000000000,Takeoff,Sim_RID_0DRXSA,557.149999999999977,40.321086706179656,-74.033074126188950,0.061451000000000,,2.000000000000000,Helicopter/Multirotor,0.000000000000000,00:0e:8e:bf:0e:69,DJI,,67.599999999999994,557.149999999999977,M3T,"[""test_1"",""test_2"",""test_3""]",FIN87astrdge12k8,Sim_RID_0DRXSA,"[""66c78dbe411b7b67c46ddc75""]",DroneIDTest,,6aa2ba0f789990eef9e1d77e,1581F5FJC247600D6INE,"[""1581F5FJC247600D6INE""]","[{""id"":""1581F5FJC247600D6INE"",""type"":null,""type_label"":""Unknown""}]",Unknown,0.000000000000000
{2F89A538-658F-AA70-81EF-52E945F3C0A1},0.000000000000000,1581F5FJC247600D6INE,4.000000000000000,61.543589115142822,,1cz1yvXaTyvd,"[""852a1393fffffff""]",66.200000000000003,RID,1581F5FJC247600D6INE,1cz1yvXaTyvd,852a1393fffffff,,"Aug 06, 2024 19:00:34.115516 UTC",1581F5FJC247600D6INE,2,361.000000,110,80,40.317093154954506,-74.034785069124780,0,2,0,FIN87astrdge12k8,0,Drone ID test flight---,0,20.500000,40.321086706179656,-74.033074126188950,40.317044865038945,-74.044609072980322,00:0e:8e:bf:0e:69,6,2437,-62,DroneIDTest,wlan,40.317044865038945,2.000000000000000,Airborne,-74.044609072980322,RID,test_1,0.000000000000000,Takeoff,Sim_RID_0DRXSA,53.869999999999997,40.321086706179656,-74.033074126188950,0.051655000000000,,2.000000000000000,Helicopter/Multirotor,0.000000000000000,00:0e:8e:bf:0e:69,DJI,,67.599999999999994,557.149999999999977,M3T,"[""test_1"",""test_2"",""test_3""]",FIN87astrdge12k8,Sim_RID_0DRXSA,"[""66c78dbe411b7b67c46ddc75""]",DroneIDTest,,6aa2ba0f789990eef9e1d77e,1581F5FJC247600D6INE,"[""1581F5FJC247600D6INE""]","[{""id"":""1581F5FJC247600D6INE"",""type"":null,""type_label"":""Unknown""}]",Unknown,0.000000000000000
{1133887F-CB46-D6F7-7854-4E70A7AFF21E},0.000000000000000,1581F5FJC247600D6INE,4.000000000000000,63.524785041809082,,1cz1yvXaTyvd,"[""852a1393fffffff""]",66.700000000000003,RID,1581F5FJC247600D6INE,1cz1yvXaTyvd,852a1393fffffff,,"Aug 06, 2024 19:00:34.115516 UTC",1581F5FJC247600D6INE,2,361.000000,110,80,40.317093154954506,-74.034785069124780,0,2,0,FIN87astrdge12k8,0,Drone ID test flight---,0,20.500000,40.321086706179656,-74.033074126188950,40.317297213629942,-74.044225339938563,00:0e:8e:bf:0e:69,6,2437,-62,DroneIDTest,wlan,40.317297213629942,2.000000000000000,Airborne,-74.044225339938563,RID,test_1,0.000000000000000,Takeoff,Sim_RID_0DRXSA,42.960000000000001,40.321086706179656,-74.033074126188950,0.060809000000000,,2.000000000000000,Helicopter/Multirotor,0.000000000000000,00:0e:8e:bf:0e:69,DJI,,67.599999999999994,557.149999999999977,M3T,"[""test_1"",""test_2"",""test_3""]",FIN87astrdge12k8,Sim_RID_0DRXSA,"[""66c78dbe411b7b67c46ddc75""]",DroneIDTest,,6aa2ba0f789990eef9e1d77e,1581F5FJC247600D6INE,"[""1581F5FJC247600D6INE""]","[{""id"":""1581F5FJC247600D6INE"",""type"":null,""type_label"":""Unknown""}]",Unknown,0.000000000000000
{79B5E2A7-3819-2FF7-3EE2-79BBB68B7959},0.000000000000000,1581F5FJC247600D6INE,4.000000000000000,65.503724098205566,,1cz1yvXaTyvd,"[""852a1393fffffff""]",65.000000000000000,RID,1581F5FJC247600D6INE,1cz1yvXaTyvd,852a1393fffffff,,"Aug 06, 2024 19:00:34.115516 UTC",1581F5FJC247600D6INE,2,361.000000,110,80,40.317093154954506,-74.034785069124780,0,2,0,FIN87astrdge12k8,0,Drone ID test flight---,0,20.500000,40.321086706179656,-74.033074126188950,40.317717153158405,-74.043982337967947,00:0e:8e:bf:0e:69,6,2437,-62,DroneIDTest,wlan,40.317717153158405,2.000000000000000,Airborne,-74.043982337967947,RID,test_1,0.000000000000000,Takeoff,Sim_RID_0DRXSA,51.039999999999999,40.321086706179656,-74.033074126188950,0.061619000000000,,2.000000000000000,Helicopter/Multirotor,0.000000000000000,00:0e:8e:bf:0e:69,DJI,,67.900000000000006,557.149999999999977,M3T,"[""test_1"",""test_2"",""test_3""]",FIN87astrdge12k8,Sim_RID_0DRXSA,"[""66c78dbe411b7b67c46ddc75""]",DroneIDTest,,6aa2ba0f789990eef9e1d77e,1581F5FJC247600D6INE,"[""1581F5FJC247600D6INE""]","[{""id"":""1581F5FJC247600D6INE"",""type"":null,""type_label"":""Unknown""}]",Unknown,0.000000000000000
{6D28E44D-C9B8-2ECC-8A6F-92EEA68C2C1A},0.000000000000000,1581F5FJC247600D6INE,4.000000000000000,67.483990192413330,,1cz1yvXaTyvd,"[""852a1393fffffff""]",65.299999999999997,RID,1581F5FJC247600D6INE,1cz1yvXaTyvd,852a1393fffffff,,"Aug 06, 2024 19:00:34.115516 UTC",1581F5FJC247600D6INE,2,361.000000,110,80,40.317093154954506,-74.034785069124780,0,2,0,FIN87astrdge12k8,0,Drone ID test flight---,0,20.500000,40.321086706179656,-74.033074126188950,40.318110590966995,-74.043920763080607,00:0e:8e:bf:0e:69,6,2437,-62,DroneIDTest,wlan,40.318110590966995,2.000000000000000,Airborne,-74.043920763080607,RID,test_1,0.000000000000000,Takeoff,Sim_RID_0DRXSA,44.060000000000002,40.321086706179656,-74.033074126188950,0.061230000000000,,2.000000000000000,Helicopter/Multirotor,0.000000000000000,00:0e:8e:bf:0e:69,DJI,,67.900000000000006,557.149999999999977,M3T,"[""test_1"",""test_2"",""test_3""]",FIN87astrdge12k8,Sim_RID_0DRXSA,"[""66c78dbe411b7b67c46ddc75""]",DroneIDTest,,6aa2ba0f789990eef9e1d77e,1581F5FJC247600D6INE,"[""1581F5FJC247600D6INE""]","[{""id"":""1581F5FJC247600D6INE"",""type"":null,""type_label"":""Unknown""}]",Unknown,0.000000000000000
{32148A75-9A5B-E4DF-4A5F-E3C28B34CC84},0.000000000000000,1581F5FJC247600D6INE,4.000000000000000,69.463565111160278,,1cz1yvXaTyvd,"[""852a1393fffffff""]",65.799999999999997,RID,1581F5FJC247600D6INE,1cz1yvXaTyvd,852a1393fffffff,,"Aug 06, 2024 19:00:34.115516 UTC",1581F5FJC247600D6INE,2,361.000000,110,80,40.317093154954506,-74.034785069124780,0,2,0,FIN87astrdge12k8,0,Drone ID test flight---,0,20.500000,40.321086706179656,-74.033074126188950,40.318560710675449,-74.043904819616927,00:0e:8e:bf:0e:69,6,2437,-62,DroneIDTest,wlan,40.318560710675449,2.000000000000000,Airborne,-74.043904819616927,RID,test_1,0.000000000000000,Takeoff,Sim_RID_0DRXSA,50.070000000000000,40.321086706179656,-74.033074126188950,0.061831000000000,,2.000000000000000,Helicopter/Multirotor,0.000000000000000,00:0e:8e:bf:0e:69,DJI,,67.900000000000006,557.149999999999977,M3T,"[""test_1"",""test_2"",""test_3""]",FIN87astrdge12k8,Sim_RID_0DRXSA,"[""66c78dbe411b7b67c46ddc75""]",DroneIDTest,,6aa2ba0f789990eef9e1d77e,1581F5FJC247600D6INE,"[""1581F5FJC247600D6INE""]","[{""id"":""1581F5FJC247600D6INE"",""type"":null,""type_label"":""Unknown""}]",Unknown,0.000000000000000
{1C63BD31-FDCC-C64B-7910-E1530FF38E55},0.000000000000000,1581F5FJC247600D6INE,4.000000000000000,71.443484067916870,,1cz1yvXaTyvd,"[""852a1393fffffff""]",65.900000000000006,RID,1581F5FJC247600D6INE,1cz1yvXaTyvd,852a1393fffffff,,"Aug 06, 2024 19:00:34.115516 UTC",1581F5FJC247600D6INE,2,361.000000,110,80,40.317093154954506,-74.034785069124780,0,2,0,FIN87astrdge12k8,0,Drone ID test flight---,0,20.500000,40.321086706179656,-74.033074126188950,40.318960859232867,-74.043821024223860,00:0e:8e:bf:0e:69,6,2437,-62,DroneIDTest,wlan,40.318960859232867,2.000000000000000,Airborne,-74.043821024223860,RID,test_1,0.000000000000000,Takeoff,Sim_RID_0DRXSA,45.060000000000002,40.321086706179656,-74.033074126188950,0.051695000000000,,2.000000000000000,Helicopter/Multirotor,0.000000000000000,00:0e:8e:bf:0e:69,DJI,,67.900000000000006,557.149999999999977,M3T,"[""test_1"",""test_2"",""test_3""]",FIN87astrdge12k8,Sim_RID_0DRXSA,"[""66c78dbe411b7b67c46ddc75""]",DroneIDTest,,6aa2ba0f789990eef9e1d77e,1581F5FJC247600D6INE,"[""1581F5FJC247600D6INE""]","[{""id"":""1581F5FJC247600D6INE"",""type"":null,""type_label"":""Unknown""}]",Unknown,0.000000000000000
{32DE259E-416C-FAC4-88AD-75383E9D2C6C},0.000000000000000,1581F5FJC247600D6INE,4.000000000000000,73.413711071014404,,1cz1yvXaTyvd,"[""852a1393fffffff""]",61.899999999999999,RID,1581F5FJC247600D6INE,1cz1yvXaTyvd,852a1393fffffff,,"Aug 06, 2024 19:00:34.115516 UTC",1581F5FJC247600D6INE,2,361.000000,110,80,40.317093154954506,-74.034785069124780,0,2,0,FIN87astrdge12k8,0,Drone ID test flight---,0,20.500000,40.321086706179656,-74.033074126188950,40.319318719435863,-74.043572563872999,00:0e:8e:bf:0e:69,6,2437,-62,DroneIDTest,wlan,40.319318719435863,2.000000000000000,Airborne,-74.043572563872999,RID,test_1,0.000000000000000,Takeoff,Sim_RID_0DRXSA,45.020000000000003,40.321086706179656,-74.033074126188950,0.051972000000000,,2.000000000000000,Helicopter/Multirotor,0.000000000000000,00:0e:8e:bf:0e:69,DJI,,67.900000000000006,557.149999999999977,M3T,"[""test_1"",""test_2"",""test_3""]",FIN87astrdge12k8,Sim_RID_0DRXSA,"[""66c78dbe411b7b67c46ddc75""]",DroneIDTest,,6aa2ba0f789990eef9e1d77e,1581F5FJC247600D6INE,"[""1581F5FJC247600D6INE""]","[{""id"":""1581F5FJC247600D6INE"",""type"":null,""type_label"":""Unknown""}]",Unknown,0.000000000000000
{9494EF0E-C50B-58B4-3FD5-43D26945528B},0.000000000000000,1581F5FJC247600D6INE,4.000000000000000,75.403464078903198,,1cz1yvXaTyvd,"[""852a1393fffffff""]",59.200000000000003,RID,1581F5FJC247600D6INE,1cz1yvXaTyvd,852a1393fffffff,,"Aug 06, 2024 19:00:34.115516 UTC",1581F5FJC247600D6INE,2,361.000000,110,80,40.317093154954506,-74.034785069124780,0,2,0,FIN87astrdge12k8,0,Drone ID test flight---,0,20.500000,40.321086706179656,-74.033074126188950,40.319580599004766,-74.043094013000740,00:0e:8e:bf:0e:69,6,2437,-62,DroneIDTest,wlan,40.319580599004766,2.000000000000000,Airborne,-74.043094013000740,RID,test_1,0.000000000000000,Takeoff,Sim_RID_0DRXSA,49.939999999999998,40.321086706179656,-74.033074126188950,0.061878000000000,,2.000000000000000,Helicopter/Multirotor,0.000000000000000,00:0e:8e:bf:0e:69,DJI,,67.900000000000006,557.149999999999977,M3T,"[""test_1"",""test_2"",""test_3""]",FIN87astrdge12k8,Sim_RID_0DRXSA,"[""66c78dbe411b7b67c46ddc75""]",DroneIDTest,,6aa2ba0f789990eef9e1d77e,1581F5FJC247600D6INE,"[""1581F5FJC247600D6INE""]","[{""id"":""1581F5FJC247600D6INE"",""type"":null,""type_label"":""Unknown""}]",Unknown,0.000000000000000
{F1BDE78A-D248-6EA6-9641-83E84A8D5F5E},0.000000000000000,1581F5FJC247600D6INE,4.000000000000000,77.393521070480347,,1cz1yvXaTyvd,"[""852a1393fffffff""]",60.100000000000001,RID,1581F5FJC247600D6INE,1cz1yvXaTyvd,852a1393fffffff,,"Aug 06, 2024 19:00:34.115516 UTC",1581F5FJC247600D6INE,2,361.000000,110,80,40.317093154954506,-74.034785069124780,0,2,0,FIN87astrdge12k8,0,Drone ID test flight---,0,20.500000,40.321086706179656,-74.033074126188950,40.319641469779484,-74.042428112294843,00:0e:8e:bf:0e:69,6,2437,-62,DroneIDTest,wlan,40.319641469779484,2.000000000000000,Airborne,-74.042428112294843,RID,test_1,0.000000000000000,Takeoff,Sim_RID_0DRXSA,56.859999999999999,40.321086706179656,-74.033074126188950,0.051726000000000,,2.000000000000000,Helicopter/Multirotor,0.000000000000000,00:0e:8e:bf:0e:69,DJI,,67.900000000000006,557.149999999999977,M3T,"[""test_1"",""test_2"",""test_3""]",FIN87astrdge12k8,Sim_RID_0DRXSA,"[""66c78dbe411b7b67c46ddc75""]",DroneIDTest,,6aa2ba0f789990eef9e1d77e,1581F5FJC247600D6INE,"[""1581F5FJC247600D6INE""]","[{""id"":""1581F5FJC247600D6INE"",""type"":null,""type_label"":""Unknown""}]",Unknown,0.000000000000000
{633BB37A-81F8-3EE7-6127-3B72998EC2BC},0.000000000000000,1581F5FJC247600D6INE,4.000000000000000,79.363420009613037,,1cz1yvXaTyvd,"[""852a1393fffffff""]",62.200000000000003,RID,1581F5FJC247600D6INE,1cz1yvXaTyvd,852a1393fffffff,,"Aug 06, 2024 19:00:34.115516 UTC",1581F5FJC247600D6INE,2,361.000000,110,80,40.317093154954506,-74.034785069124780,0,2,0,FIN87astrdge12k8,0,Drone ID test flight---,0,20.500000,40.321086706179656,-74.033074126188950,40.319515612570989,-74.041937237865810,00:0e:8e:bf:0e:69,6,2437,-62,DroneIDTest,wlan,40.319515612570989,2.000000000000000,Airborne,-74.041937237865810,RID,test_1,0.000000000000000,Takeoff,Sim_RID_0DRXSA,43.909999999999997,40.321086706179656,-74.033074126188950,0.051780000000000,,2.000000000000000,Helicopter/Multirotor,0.000000000000000,00:0e:8e:bf:0e:69,DJI,,67.900000000000006,557.149999999999977,M3T,"[""test_1"",""test_2"",""test_3""]",FIN87astrdge12k8,Sim_RID_0DRXSA,"[""66c78dbe411b7b67c46ddc75""]",DroneIDTest,,6aa2ba0f789990eef9e1d77e,1581F5FJC247600D6INE,"[""1581F5FJC247600D6INE""]","[{""id"":""1581F5FJC247600D6INE"",""type"":null,""type_label"":""Unknown""}]",Unknown,0.000000000000000
{D4C9089E-B871-916A-3ABF-F5B5A5167C2B},0.000000000000000,1581F5FJC247600D6INE,4.000000000000000,81.334302186965942,,1cz1yvXaTyvd,"[""852a1393fffffff""]",62.100000000000001,RID,1581F5FJC247600D6INE,1cz1yvXaTyvd,852a1393fffffff,,"Aug 06, 2024 19:00:34.115516 UTC",1581F5FJC247600D6INE,2,361.000000,110,80,40.317093154954506,-74.034785069124780,0,2,0,FIN87astrdge12k8,0,Drone ID test flight---,0,20.500000,40.321086706179656,-74.033074126188950,40.319244452857909,-74.041438432971091,00:0e:8e:bf:0e:69,6,2437,-62,DroneIDTest,wlan,40.319244452857909,2.000000000000000,Airborne,-74.041438432971091,RID,test_1,0.000000000000000,Takeoff,Sim_RID_0DRXSA,51.939999999999998,40.321086706179656,-74.033074126188950,0.050986000000000,,2.000000000000000,Helicopter/Multirotor,0.000000000000000,00:0e:8e:bf:0e:69,DJI,,67.900000000000006,557.149999999999977,M3T,"[""test_1"",""test_2"",""test_3""]",FIN87astrdge12k8,Sim_RID_0DRXSA,"[""66c78dbe411b7b67c46ddc75""]",DroneIDTest,,6aa2ba0f789990eef9e1d77e,1581F5FJC247600D6INE,"[""1581F5FJC247600D6INE""]","[{""id"":""1581F5FJC247600D6INE"",""type"":null,""type_label"":""Unknown""}]",Unknown,0.000000000000000
{AAA82441-6565-FFEC-355F-4691D13B7DA9},0.000000000000000,1581F5FJC247600D6INE,4.000000000000000,83.323976993560791,,1cz1yvXaTyvd,"[""852a1393fffffff""]",59.600000000000001,RID,1581F5FJC247600D6INE,1cz1yvXaTyvd,852a1393fffffff,,"Aug 06, 2024 19:00:34.115516 UTC",1581F5FJC247600D6INE,2,361.000000,110,80,40.317093154954506,-74.034785069124780,0,2,0,FIN87astrdge12k8,0,Drone ID test flight---,0,20.500000,40.321086706179656,-74.033074126188950,40.318964156595662,-74.041008508490421,00:0e:8e:bf:0e:69,6,2437,-62,DroneIDTest,wlan,40.318964156595662,2.000000000000000,Airborne,-74.041008508490421,RID,test_1,0.000000000000000,Takeoff,Sim_RID_0DRXSA,47.960000000000001,40.321086706179656,-74.033074126188950,0.051354000000000,,2.000000000000000,Helicopter/Multirotor,0.000000000000000,00:0e:8e:bf:0e:69,DJI,,67.900000000000006,557.149999999999977,M3T,"[""test_1"",""test_2"",""test_3""]",FIN87astrdge12k8,Sim_RID_0DRXSA,"[""66c78dbe411b7b67c46ddc75""]",DroneIDTest,,6aa2ba0f789990eef9e1d77e,1581F5FJC247600D6INE,"[""1581F5FJC247600D6INE""]","[{""id"":""1581F5FJC247600D6INE"",""type"":null,""type_label"":""Unknown""}]",Unknown,0.000000000000000
{5C16F0AC-BFEC-2058-5A0C-AF16D2B1F6A9},0.000000000000000,1581F5FJC247600D6INE,4.000000000000000,85.293618202209473,,1cz1yvXaTyvd,"[""852a1393fffffff""]",59.100000000000001,RID,1581F5FJC247600D6INE,1cz1yvXaTyvd,852a1393fffffff,,"Aug 06, 2024 19:00:34.115516 UTC",1581F5FJC247600D6INE,2,361.000000,110,80,40.317093154954506,-74.034785069124780,0,2,0,FIN87astrdge12k8,0,Drone ID test flight---,0,20.500000,40.321086706179656,-74.033074126188950,40.318711603515794,-74.040493305599512,00:0e:8e:bf:0e:69,6,2437,-62,DroneIDTest,wlan,40.318711603515794,2.000000000000000,Airborne,-74.040493305599512,RID,test_1,0.000000000000000,Takeoff,Sim_RID_0DRXSA,51.930000000000000,40.321086706179656,-74.033074126188950,0.051648000000000,,2.000000000000000,Helicopter/Multirotor,0.000000000000000,00:0e:8e:bf:0e:69,DJI,,67.900000000000006,557.149999999999977,M3T,"[""test_1"",""test_2"",""test_3""]",FIN87astrdge12k8,Sim_RID_0DRXSA,"[""66c78dbe411b7b67c46ddc75""]",DroneIDTest,,6aa2ba0f789990eef9e1d77e,1581F5FJC247600D6INE,"[""1581F5FJC247600D6INE""]","[{""id"":""1581F5FJC247600D6INE"",""type"":null,""type_label"":""Unknown""}]",Unknown,0.000000000000000
{2ADB8DDE-CE17-716B-41FE-B75E48D9CB5B},0.000000000000000,1581F5FJC247600D6INE,4.000000000000000,87.283620119094849,,1cz1yvXaTyvd,"[""852a1393fffffff""]",57.200000000000003,RID,1581F5FJC247600D6INE,1cz1yvXaTyvd,852a1393fffffff,,"Aug 06, 2024 19:00:34.115516 UTC",1581F5FJC247600D6INE,2,361.000000,110,80,40.317093154954506,-74.034785069124780,0,2,0,FIN87astrdge12k8,0,Drone ID test flight---,0,20.500000,40.321086706179656,-74.033074126188950,40.318610156918737,-74.039944342122070,00:0e:8e:bf:0e:69,6,2437,-62,DroneIDTest,wlan,40.318610156918737,2.000000000000000,Airborne,-74.039944342122070,RID,test_1,0.000000000000000,Takeoff,Sim_RID_0DRXSA,47.890000000000001,40.321086706179656,-74.033074126188950,0.061596000000000,,2.000000000000000,Helicopter/Multirotor,0.000000000000000,00:0e:8e:bf:0e:69,DJI,,67.900000000000006,557.149999999999977,M3T,"[""test_1"",""test_2"",""test_3""]",FIN87astrdge12k8,Sim_RID_0DRXSA,"[""66c78dbe411b7b67c46ddc75""]",DroneIDTest,,6aa2ba0f789990eef9e1d77e,1581F5FJC247600D6INE,"[""1581F5FJC247600D6INE""]","[{""id"":""1581F5FJC247600D6INE"",""type"":null,""type_label"":""Unknown""}]",Unknown,0.000000000000000
{A544317D-AF0F-ED9B-F2CD-519572A6BC30},0.000000000000000,1581F5FJC247600D6INE,4.000000000000000,89.263473987579346,,1cz1yvXaTyvd,"[""852a1393fffffff""]",56.799999999999997,RID,1581F5FJC247600D6INE,1cz1yvXaTyvd,852a1393fffffff,,"Aug 06, 2024 19:00:34.115516 UTC",1581F5FJC247600D6INE,2,361.000000,110,80,40.317093154954506,-74.034785069124780,0,2,0,FIN87astrdge12k8,0,Drone ID test flight---,0,20.500000,40.321086706179656,-74.033074126188950,40.318717294021717,-74.039336692097294,00:0e:8e:bf:0e:69,6,2437,-62,DroneIDTest,wlan,40.318717294021717,2.000000000000000,Airborne,-74.039336692097294,RID,test_1,0.000000000000000,Takeoff,Sim_RID_0DRXSA,52.880000000000003,40.321086706179656,-74.033074126188950,0.051770000000000,,2.000000000000000,Helicopter/Multirotor,0.000000000000000,00:0e:8e:bf:0e:69,DJI,,67.900000000000006,557.149999999999977,M3T,"[""test_1"",""test_2"",""test_3""]",FIN87astrdge12k8,Sim_RID_0DRXSA,"[""66c78dbe411b7b67c46ddc75""]",DroneIDTest,,6aa2ba0f789990eef9e1d77e,1581F5FJC247600D6INE,"[""1581F5FJC247600D6INE""]","[{""id"":""1581F5FJC247600D6INE"",""type"":null,""type_label"":""Unknown""}]",Unknown,0.000000000000000
{26309208-8155-6834-83FE-DA5A7F65019D},0.000000000000000,1581F5FJC247600D6INE,4.000000000000000,91.233559131622314,,1cz1yvXaTyvd,"[""852a1393fffffff""]",55.600000000000001,RID,1581F5FJC247600D6INE,1cz1yvXaTyvd,852a1393fffffff,,"Aug 06, 2024 19:00:34.115516 UTC",1581F5FJC247600D6INE,2,361.000000,110,80,40.317093154954506,-74.034785069124780,0,2,0,FIN87astrdge12k8,0,Drone ID test flight---,0,20.500000,40.321086706179656,-74.033074126188950,40.318470817398662,-74.038946491624415,00:0e:8e:bf:0e:69,6,2437,-62,DroneIDTest,wlan,40.318470817398662,2.000000000000000,Airborne,-74.038946491624415,RID,test_1,0.000000000000000,Takeoff,Sim_RID_0DRXSA,42.960000000000001,40.321086706179656,-74.033074126188950,0.051705000000000,,2.000000000000000,Helicopter/Multirotor,0.000000000000000,00:0e:8e:bf:0e:69,DJI,,67.900000000000006,557.149999999999977,M3T,"[""test_1"",""test_2"",""test_3""]",FIN87astrdge12k8,Sim_RID_0DRXSA,"[""66c78dbe411b7b67c46ddc75""]",DroneIDTest,,6aa2ba0f789990eef9e1d77e,1581F5FJC247600D6INE,"[""1581F5FJC247600D6INE""]","[{""id"":""1581F5FJC247600D6INE"",""type"":null,""type_label"":""Unknown""}]",Unknown,0.000000000000000
{6D6A514F-6AF9-18C4-8AF4-4A4CC345601E},0.000000000000000,1581F5FJC247600D6INE,4.000000000000000,93.203499078750610,,1cz1yvXaTyvd,"[""852a1393fffffff""]",57.899999999999999,RID,1581F5FJC247600D6INE,1cz1yvXaTyvd,852a1393fffffff,,"Aug 06, 2024 19:00:34.115516 UTC",1581F5FJC247600D6INE,2,361.000000,110,80,40.317093154954506,-74.034785069124780,0,2,0,FIN87astrdge12k8,0,Drone ID test flight---,0,20.500000,40.321086706179656,-74.033074126188950,40.318252655561459,-74.038418474139576,00:0e:8e:bf:0e:69,6,2437,-62,DroneIDTest,wlan,40.318252655561459,2.000000000000000,Airborne,-74.038418474139576,RID,test_1,0.000000000000000,Takeoff,Sim_RID_0DRXSA,50.920000000000002,40.321086706179656,-74.033074126188950,0.061776000000000,,2.000000000000000,Helicopter/Multirotor,0.000000000000000,00:0e:8e:bf:0e:69,DJI,,67.900000000000006,557.149999999999977,M3T,"[""test_1"",""test_2"",""test_3""]",FIN87astrdge12k8,Sim_RID_0DRXSA,"[""66c78dbe411b7b67c46ddc75""]",DroneIDTest,,6aa2ba0f789990eef9e1d77e,1581F5FJC247600D6INE,"[""1581F5FJC247600D6INE""]","[{""id"":""1581F5FJC247600D6INE"",""type"":null,""type_label"":""Unknown""}]",Unknown,0.000000000000000
{C4F51A23-F159-F8B9-3D6E-6CE07CC7F87D},0.000000000000000,1581F5FJC247600D6INE,4.000000000000000,95.183452129364014,,1cz1yvXaTyvd,"[""852a1393fffffff""]",57.600000000000001,RID,1581F5FJC247600D6INE,1cz1yvXaTyvd,852a1393fffffff,,"Aug 06, 2024 19:00:34.115516 UTC",1581F5FJC247600D6INE,2,361.000000,110,80,40.317093154954506,-74.034785069124780,0,2,0,FIN87astrdge12k8,0,Drone ID test flight---,0,20.500000,40.321086706179656,-74.033074126188950,40.318207053049768,-74.037916088858438,00:0e:8e:bf:0e:69,6,2437,-62,DroneIDTest,wlan,40.318207053049768,2.000000000000000,Airborne,-74.037916088858438,RID,test_1,0.000000000000000,Takeoff,Sim_RID_0DRXSA,42.890000000000001,40.321086706179656,-74.033074126188950,0.061825000000000,,2.000000000000000,Helicopter/Multirotor,0.000000000000000,00:0e:8e:bf:0e:69,DJI,,67.900000000000006,557.149999999999977,M3T,"[""test_1"",""test_2"",""test_3""]",FIN87astrdge12k8,Sim_RID_0DRXSA,"[""66c78dbe411b7b67c46ddc75""]",DroneIDTest,,6aa2ba0f789990eef9e1d77e,1581F5FJC247600D6INE,"[""1581F5FJC247600D6INE""]","[{""id"":""1581F5FJC247600D6INE"",""type"":null,""type_label"":""Unknown""}]",Unknown,0.000000000000000
{FD566551-0796-D748-242F-306FFBCD5853},0.000000000000000,1581F5FJC247600D6INE,4.000000000000000,97.173716068267822,,1cz1yvXaTyvd,"[""852a1393fffffff""]",60.600000000000001,RID,1581F5FJC247600D6INE,1cz1yvXaTyvd,852a1393fffffff,,"Aug 06, 2024 19:00:34.115516 UTC",1581F5FJC247600D6INE,2,361.000000,110,80,40.317093154954506,-74.034785069124780,0,2,0,FIN87astrdge12k8,0,Drone ID test flight---,0,20.500000,40.321086706179656,-74.033074126188950,40.318355230269503,-74.037410692867368,00:0e:8e:bf:0e:69,6,2437,-62,DroneIDTest,wlan,40.318355230269503,2.000000000000000,Airborne,-74.037410692867368,RID,test_1,0.000000000000000,Takeoff,Sim_RID_0DRXSA,45.909999999999997,40.321086706179656,-74.033074126188950,0.051620000000000,,2.000000000000000,Helicopter/Multirotor,0.000000000000000,00:0e:8e:bf:0e:69,DJI,,67.900000000000006,557.149999999999977,M3T,"[""test_1"",""test_2"",""test_3""]",FIN87astrdge12k8,Sim_RID_0DRXSA,"[""66c78dbe411b7b67c46ddc75""]",DroneIDTest,,6aa2ba0f789990eef9e1d77e,1581F5FJC247600D6INE,"[""1581F5FJC247600D6INE""]","[{""id"":""1581F5FJC247600D6INE"",""type"":null,""type_label"":""Unknown""}]",Unknown,0.000000000000000
{166019CB-C0B3-478F-E3D7-6398C1898ECF},0.000000000000000,1581F5FJC247600D6INE,4.000000000000000,99.149616003036499,,1cz1yvXaTyvd,"[""852a1393fffffff""]",57.399999999999999,RID,1581F5FJC247600D6INE,1cz1yvXaTyvd,852a1393fffffff,,"Aug 06, 2024 19:00:34.115516 UTC",1581F5FJC247600D6INE,2,361.000000,110,80,40.317093154954506,-74.034785069124780,0,2,0,FIN87astrdge12k8,0,Drone ID test flight---,0,20.500000,40.321086706179656,-74.033074126188950,40.318669227254333,-74.037057669489883,00:0e:8e:bf:0e:69,6,2437,-62,DroneIDTest,wlan,40.318669227254333,2.000000000000000,Airborne,-74.037057669489883,RID,test_1,0.000000000000000,Takeoff,Sim_RID_0DRXSA,45.990000000000002,40.321086706179656,-74.033074126188950,0.046130000000000,,2.000000000000000,Helicopter/Multirotor,0.000000000000000,00:0e:8e:bf:0e:69,DJI,,67.900000000000006,557.149999999999977,M3T,"[""test_1"",""test_2"",""test_3""]",FIN87astrdge12k8,Sim_RID_0DRXSA,"[""66c78dbe411b7b67c46ddc75""]",DroneIDTest,,6aa2ba0f789990eef9e1d77e,1581F5FJC247600D6INE,"[""1581F5FJC247600D6INE""]","[{""id"":""1581F5FJC247600D6INE"",""type"":null,""type_label"":""Unknown""}]",Unknown,0.000000000000000
{5B087C27-829A-CCFD-7352-73C4820D49B6},0.000000000000000,1581F5FJC247600D6INE,4.000000000000000,101.133671045303345,,1cz1yvXaTyvd,"[""852a1393fffffff""]",55.000000000000000,RID,1581F5FJC247600D6INE,1cz1yvXaTyvd,852a1393fffffff,,"Aug 06, 2024 19:00:34.115516 UTC",1581F5FJC247600D6INE,2,361.000000,110,80,40.317093154954506,-74.034785069124780,0,2,0,FIN87astrdge12k8,0,Drone ID test flight---,0,20.500000,40.321086706179656,-74.033074126188950,40.319038707151265,-74.036906194032071,00:0e:8e:bf:0e:69,6,2437,-62,DroneIDTest,wlan,40.319038707151265,2.000000000000000,Airborne,-74.036906194032071,RID,test_1,0.000000000000000,Takeoff,Sim_RID_0DRXSA,43.039999999999999,40.321086706179656,-74.033074126188950,0.061808000000000,,2.000000000000000,Helicopter/Multirotor,0.000000000000000,00:0e:8e:bf:0e:69,DJI,,67.900000000000006,557.149999999999977,M3T,"[""test_1"",""test_2"",""test_3""]",FIN87astrdge12k8,Sim_RID_0DRXSA,"[""66c78dbe411b7b67c46ddc75""]",DroneIDTest,,6aa2ba0f789990eef9e1d77e,1581F5FJC247600D6INE,"[""1581F5FJC247600D6INE""]","[{""id"":""1581F5FJC247600D6INE"",""type"":null,""type_label"":""Unknown""}]",Unknown,0.000000000000000
{708D214D-B3FF-E9F1-4227-0105F8D53EAA},0.000000000000000,1581F5FJC247600D6INE,4.000000000000000,103.123754024505615,,1cz1yvXaTyvd,"[""852a1393fffffff""]",52.500000000000000,RID,1581F5FJC247600D6INE,1cz1yvXaTyvd,852a1393fffffff,,"Aug 06, 2024 19:00:34.115516 UTC",1581F5FJC247600D6INE,2,361.000000,110,80,40.317093154954506,-74.034785069124780,0,2,0,FIN87astrdge12k8,0,Drone ID test flight---,0,20.500000,40.321086706179656,-74.033074126188950,40.319541916488497,-74.036862505956393,00:0e:8e:bf:0e:69,6,2437,-62,DroneIDTest,wlan,40.319541916488497,2.000000000000000,Airborne,-74.036862505956393,RID,test_1,0.000000000000000,Takeoff,Sim_RID_0DRXSA,56.079999999999998,40.321086706179656,-74.033074126188950,0.051547000000000,,2.000000000000000,Helicopter/Multirotor,0.000000000000000,00:0e:8e:bf:0e:69,DJI,,67.900000000000006,557.149999999999977,M3T,"[""test_1"",""test_2"",""test_3""]",FIN87astrdge12k8,Sim_RID_0DRXSA,"[""66c78dbe411b7b67c46ddc75""]",DroneIDTest,,6aa2ba0f789990eef9e1d77e,1581F5FJC247600D6INE,"[""1581F5FJC247600D6INE""]","[{""id"":""1581F5FJC247600D6INE"",""type"":null,""type_label"":""Unknown""}]",Unknown,0.000000000000000
{B2C5D86C-CECA-F4A1-9F1C-5B24F21064AE},0.000000000000000,1581F5FJC247600D6INE,4.000000000000000,105.103848218917847,,1cz1yvXaTyvd,"[""852a1393fffffff""]",53.299999999999997,RID,1581F5FJC247600D6INE,1cz1yvXaTyvd,852a1393fffffff,,"Aug 06, 2024 19:00:34.115516 UTC",1581F5FJC247600D6INE,2,361.000000,110,80,40.317093154954506,-74.034785069124780,0,2,0,FIN87astrdge12k8,0,Drone ID test flight---,0,20.500000,40.321086706179656,-74.033074126188950,40.319955763423700,-74.036838278770304,00:0e:8e:bf:0e:69,6,2437,-62,DroneIDTest,wlan,40.319955763423700,2.000000000000000,Airborne,-74.036838278770304,RID,test_1,0.000000000000000,Takeoff,Sim_RID_0DRXSA,46.060000000000002,40.321086706179656,-74.033074126188950,0.051652000000000,,2.000000000000000,Helicopter/Multirotor,0.000000000000000,00:0e:8e:bf:0e:69,DJI,,67.900000000000006,557.149999999999977,M3T,"[""test_1"",""test_2"",""test_3""]",FIN87astrdge12k8,Sim_RID_0DRXSA,"[""66c78dbe411b7b67c46ddc75""]",DroneIDTest,,6aa2ba0f789990eef9e1d77e,1581F5FJC247600D6INE,"[""1581F5FJC247600D6INE""]","[{""id"":""1581F5FJC247600D6INE"",""type"":null,""type_label"":""Unknown""}]",Unknown,0.000000000000000
{BC67C02E-4DA6-D63D-BE12-3BFB3651C1E8},0.000000000000000,1581F5FJC247600D6INE,4.000000000000000,107.083481073379517,,1cz1yvXaTyvd,"[""852a1393fffffff""]",52.600000000000001,RID,1581F5FJC247600D6INE,1cz1yvXaTyvd,852a1393fffffff,,"Aug 06, 2024 19:00:34.115516 UTC",1581F5FJC247600D6INE,2,361.000000,110,80,40.317093154954506,-74.034785069124780,0,2,0,FIN87astrdge12k8,0,Drone ID test flight---,0,20.500000,40.321086706179656,-74.033074126188950,40.320384010033465,-74.036699202280033,00:0e:8e:bf:0e:69,6,2437,-62,DroneIDTest,wlan,40.320384010033465,2.000000000000000,Airborne,-74.036699202280033,RID,test_1,0.000000000000000,Takeoff,Sim_RID_0DRXSA,49.060000000000002,40.321086706179656,-74.033074126188950,0.051747000000000,,2.000000000000000,Helicopter/Multirotor,0.000000000000000,00:0e:8e:bf:0e:69,DJI,,67.900000000000006,557.149999999999977,M3T,"[""test_1"",""test_2"",""test_3""]",FIN87astrdge12k8,Sim_RID_0DRXSA,"[""66c78dbe411b7b67c46ddc75""]",DroneIDTest,,6aa2ba0f789990eef9e1d77e,1581F5FJC247600D6INE,"[""1581F5FJC247600D6INE""]","[{""id"":""1581F5FJC247600D6INE"",""type"":null,""type_label"":""Unknown""}]",Unknown,0.000000000000000
{2947FB2C-4378-1853-3BE9-52FDA66AD1A9},0.000000000000000,1581F5FJC247600D6INE,4.000000000000000,109.063591003417969,,1cz1yvXaTyvd,"[""852a1393fffffff""]",50.200000000000003,RID,1581F5FJC247600D6INE,1cz1yvXaTyvd,852a1393fffffff,,"Aug 06, 2024 19:00:34.115516 UTC",1581F5FJC247600D6INE,2,361.000000,110,80,40.317093154954506,-74.034785069124780,0,2,0,FIN87astrdge12k8,0,Drone ID test flight---,0,20.500000,40.321086706179656,-74.033074126188950,40.320500362531774,-74.035252881424043,00:0e:8e:bf:0e:69,6,2437,-62,DroneIDTest,wlan,40.320500362531774,2.000000000000000,Airborne,-74.035252881424043,RID,test_1,0.000000000000000,Takeoff,Sim_RID_0DRXSA,123.299999999999997,40.321086706179656,-74.033074126188950,0.051612000000000,,2.000000000000000,Helicopter/Multirotor,0.000000000000000,00:0e:8e:bf:0e:69,DJI,,67.900000000000006,557.149999999999977,M3T,"[""test_1"",""test_2"",""test_3""]",FIN87astrdge12k8,Sim_RID_0DRXSA,"[""66c78dbe411b7b67c46ddc75""]",DroneIDTest,,6aa2ba0f789990eef9e1d77e,1581F5FJC247600D6INE,"[""1581F5FJC247600D6INE""]","[{""id"":""1581F5FJC247600D6INE"",""type"":null,""type_label"":""Unknown""}]",Unknown,0.000000000000000
{2DB0B7A3-616C-E474-F630-761D8577C6AA},0.000000000000000,1581F5FJC247600D6INE,4.000000000000000,111.033483982086182,,1cz1yvXaTyvd,"[""852a1393fffffff""]",49.600000000000001,RID,1581F5FJC247600D6INE,1cz1yvXaTyvd,852a1393fffffff,,"Aug 06, 2024 19:00:34.115516 UTC",1581F5FJC247600D6INE,2,361.000000,110,80,40.317093154954506,-74.034785069124780,0,2,0,FIN87astrdge12k8,0,Drone ID test flight---,0,20.500000,40.321086706179656,-74.033074126188950,40.319943767517138,-74.033993424118748,00:0e:8e:bf:0e:69,6,2437,-62,DroneIDTest,wlan,40.319943767517138,2.000000000000000,Airborne,-74.033993424118748,RID,test_1,0.000000000000000,Takeoff,Sim_RID_0DRXSA,123.420000000000002,40.321086706179656,-74.033074126188950,0.051844000000000,,2.000000000000000,Helicopter/Multirotor,0.000000000000000,00:0e:8e:bf:0e:69,DJI,,67.900000000000006,557.149999999999977,M3T,"[""test_1"",""test_2"",""test_3""]",FIN87astrdge12k8,Sim_RID_0DRXSA,"[""66c78dbe411b7b67c46ddc75""]",DroneIDTest,,6aa2ba0f789990eef9e1d77e,1581F5FJC247600D6INE,"[""1581F5FJC247600D6INE""]","[{""id"":""1581F5FJC247600D6INE"",""type"":null,""type_label"":""Unknown""}]",Unknown,0.000000000000000
{2FD27E67-7A1A-DA18-9333-8BD0EFF72D98},0.000000000000000,1581F5FJC247600D6INE,4.000000000000000,113.023555040359497,,1cz1yvXaTyvd,"[""852a1393fffffff""]",50.899999999999999,RID,1581F5FJC247600D6INE,1cz1yvXaTyvd,852a1393fffffff,,"Aug 06, 2024 19:00:34.115516 UTC",1581F5FJC247600D6INE,2,361.000000,110,80,40.317093154954506,-74.034785069124780,0,2,0,FIN87astrdge12k8,0,Drone ID test flight---,0,20.500000,40.321086706179656,-74.033074126188950,40.318926829488355,-74.033401941858642,00:0e:8e:bf:0e:69,6,2437,-62,DroneIDTest,wlan,40.318926829488355,2.000000000000000,Airborne,-74.033401941858642,RID,test_1,0.000000000000000,Takeoff,Sim_RID_0DRXSA,123.700000000000003,40.321086706179656,-74.033074126188950,0.052137000000000,,2.000000000000000,Helicopter/Multirotor,0.000000000000000,00:0e:8e:bf:0e:69,DJI,,67.900000000000006,557.149999999999977,M3T,"[""test_1"",""test_2"",""test_3""]",FIN87astrdge12k8,Sim_RID_0DRXSA,"[""66c78dbe411b7b67c46ddc75""]",DroneIDTest,,6aa2ba0f789990eef9e1d77e,1581F5FJC247600D6INE,"[""1581F5FJC247600D6INE""]","[{""id"":""1581F5FJC247600D6INE"",""type"":null,""type_label"":""Unknown""}]",Unknown,0.000000000000000
{0286FD16-0809-DEBE-9B46-826BD45AB3D3},0.000000000000000,1581F5FJC247600D6INE,4.000000000000000,115.003623008728027,,1cz1yvXaTyvd,"[""852a1393fffffff""]",50.500000000000000,RID,1581F5FJC247600D6INE,1cz1yvXaTyvd,852a1393fffffff,,"Aug 06, 2024 19:00:34.115516 UTC",1581F5FJC247600D6INE,2,361.000000,110,80,40.317093154954506,-74.034785069124780,0,2,0,FIN87astrdge12k8,0,Drone ID test flight---,0,20.500000,40.321086706179656,-74.033074126188950,40.317837994538088,-74.033704336168086,00:0e:8e:bf:0e:69,6,2437,-62,DroneIDTest,wlan,40.317837994538088,2.000000000000000,Airborne,-74.033704336168086,RID,test_1,0.000000000000000,Takeoff,Sim_RID_0DRXSA,123.760000000000005,40.321086706179656,-74.033074126188950,0.061535000000000,,2.000000000000000,Helicopter/Multirotor,0.000000000000000,00:0e:8e:bf:0e:69,DJI,,67.900000000000006,557.149999999999977,M3T,"[""test_1"",""test_2"",""test_3""]",FIN87astrdge12k8,Sim_RID_0DRXSA,"[""66c78dbe411b7b67c46ddc75""]",DroneIDTest,,6aa2ba0f789990eef9e1d77e,1581F5FJC247600D6INE,"[""1581F5FJC247600D6INE""]","[{""id"":""1581F5FJC247600D6INE"",""type"":null,""type_label"":""Unknown""}]",Unknown,0.000000000000000
{0239BF90-2259-4C57-86F7-E8B574171671},0.000000000000000,1581F5FJC247600D6INE,4.000000000000000,116.993647098541260,,1cz1yvXaTyvd,"[""852a1393fffffff""]",49.799999999999997,RID,1581F5FJC247600D6INE,1cz1yvXaTyvd,852a1393fffffff,,"Aug 06, 2024 19:00:34.115516 UTC",1581F5FJC247600D6INE,2,361.000000,110,80,40.317093154954506,-74.034785069124780,0,2,0,FIN87astrdge12k8,0,Drone ID test flight---,0,20.500000,40.321086706179656,-74.033074126188950,40.317093154954506,-74.034785069124780,00:0e:8e:bf:0e:69,6,2437,-62,DroneIDTest,wlan,40.317093154954506,2.000000000000000,Airborne,-74.034785069124780,RID,test_1,0.000000000000000,Takeoff,Sim_RID_0DRXSA,123.510000000000005,40.321086706179656,-74.033074126188950,0.051778000000000,,2.000000000000000,Helicopter/Multirotor,0.000000000000000,00:0e:8e:bf:0e:69,DJI,,67.900000000000006,557.149999999999977,M3T,"[""test_1"",""test_2"",""test_3""]",FIN87astrdge12k8,Sim_RID_0DRXSA,"[""66c78dbe411b7b67c46ddc75""]",DroneIDTest,,6aa2ba0f789990eef9e1d77e,1581F5FJC247600D6INE,"[""1581F5FJC247600D6INE""]","[{""id"":""1581F5FJC247600D6INE"",""type"":null,""type_label"":""Unknown""}]",Unknown,0.000000000000000
{291E8CA7-7D1F-21E4-7C7B-FBB4D0157D88},0.000000000000000,1581F5FJC247600D6INE,4.000000000000000,117.105259180068970,,1cz1yvXaTyvd,"[""852a1393fffffff""]",51.799999999999997,RID,1581F5FJC247600D6INE,1cz1yvXaTyvd,852a1393fffffff,,"Aug 06, 2024 19:00:34.115516 UTC",1581F5FJC247600D6INE,2,361.000000,110,80,40.317093154954506,-74.034785069124780,0,2,0,FIN87astrdge12k8,0,Drone ID test flight---,0,20.500000,40.321086706179656,-74.033074126188950,40.317093154954506,-74.034785069124780,00:0e:8e:bf:0e:69,6,2437,-62,DroneIDTest,wlan,40.317093154954506,2.000000000000000,Airborne,-74.034785069124780,RID,test_3,0.000000000000000,Takeoff,Sim_RID_0DRXSA,123.510000000000005,40.321086706179656,-74.033074126188950,0.049991000000000,,2.000000000000000,Helicopter/Multirotor,0.000000000000000,00:0e:8e:bf:0e:69,DJI,,67.900000000000006,557.149999999999977,M3T,"[""test_1"",""test_2"",""test_3""]",FIN87astrdge12k8,Sim_RID_0DRXSA,"[""66c78dbe411b7b67c46ddc75""]",DroneIDTest,,6aa2ba0f789990eef9e1d77e,1581F5FJC247600D6INE,"[""1581F5FJC247600D6INE""]","[{""id"":""1581F5FJC247600D6INE"",""type"":null,""type_label"":""Unknown""}]",Unknown,0.000000000000000
{2E245A13-5AF7-1A5D-8A5A-3DD138C8C7AC},0.000000000000000,1581F5FJC247600D6INE,4.000000000000000,117.105259180068970,,1cz1yvXaTyvd,"[""852a1393fffffff""]",51.799999999999997,RID,1581F5FJC247600D6INE,1cz1yvXaTyvd,852a1393fffffff,,"Aug 06, 2024 19:00:34.115516 UTC",1581F5FJC247600D6INE,2,361.000000,110,80,40.317093154954506,-74.034785069124780,0,2,0,FIN87astrdge12k8,0,Drone ID test flight---,0,20.500000,40.321086706179656,-74.033074126188950,40.317093154954506,-74.034785069124780,00:0e:8e:bf:0e:69,6,2437,-62,DroneIDTest,wlan,40.317093154954506,2.000000000000000,Airborne,-74.034785069124780,RID,test_3,0.000000000000000,Takeoff,Sim_RID_0DRXSA,123.510000000000005,40.321086706179656,-74.033074126188950,0.049991000000000,,2.000000000000000,Helicopter/Multirotor,0.000000000000000,00:0e:8e:bf:0e:69,DJI,,67.900000000000006,557.149999999999977,M3T,"[""test_1"",""test_2"",""test_3""]",FIN87astrdge12k8,Sim_RID_0DRXSA,"[""66c78dbe411b7b67c46ddc75""]",DroneIDTest,,6aa2ba0f789990eef9e1d77e,1581F5FJC247600D6INE,"[""1581F5FJC247600D6INE""]","[{""id"":""1581F5FJC247600D6INE"",""type"":null,""type_label"":""Unknown""}]",Unknown,0.000000000000000
{158F0BA7-9C31-CDD5-3B74-EB1B1D4D89B6},0.000000000000000,1581F5FJC247600D6INE,4.000000000000000,117.105259180068970,,1cz1yvXaTyvd,"[""852a1393fffffff""]",51.799999999999997,RID,1581F5FJC247600D6INE,1cz1yvXaTyvd,852a1393fffffff,,"Aug 06, 2024 19:00:34.115516 UTC",1581F5FJC247600D6INE,2,361.000000,110,80,40.317093154954506,-74.034785069124780,0,2,0,FIN87astrdge12k8,0,Drone ID test flight---,0,20.500000,40.321086706179656,-74.033074126188950,40.317093154954506,-74.034785069124780,00:0e:8e:bf:0e:69,6,2437,-62,DroneIDTest,wlan,40.317093154954506,2.000000000000000,Airborne,-74.034785069124780,RID,test_3,0.000000000000000,Takeoff,Sim_RID_0DRXSA,123.510000000000005,40.321086706179656,-74.033074126188950,0.049991000000000,,2.000000000000000,Helicopter/Multirotor,0.000000000000000,00:0e:8e:bf:0e:69,DJI,,67.900000000000006,557.149999999999977,M3T,"[""test_1"",""test_2"",""test_3""]",FIN87astrdge12k8,Sim_RID_0DRXSA,"[""66c78dbe411b7b67c46ddc75""]",DroneIDTest,,6aa2ba0f789990eef9e1d77e,1581F5FJC247600D6INE,"[""1581F5FJC247600D6INE""]","[{""id"":""1581F5FJC247600D6INE"",""type"":null,""type_label"":""Unknown""}]",Unknown,0.000000000000000
{E21171C9-AC72-40DA-3A22-DEE4BE23C6C7},0.000000000000000,1581F5FJC247600D6INE,4.000000000000000,117.105259180068970,,1cz1yvXaTyvd,"[""852a1393fffffff""]",51.799999999999997,RID,1581F5FJC247600D6INE,1cz1yvXaTyvd,852a1393fffffff,,"Aug 06, 2024 19:00:34.115516 UTC",1581F5FJC247600D6INE,2,361.000000,110,80,40.317093154954506,-74.034785069124780,0,2,0,FIN87astrdge12k8,0,Drone ID test flight---,0,20.500000,40.321086706179656,-74.033074126188950,40.317093154954506,-74.034785069124780,00:0e:8e:bf:0e:69,6,2437,-62,DroneIDTest,wlan,40.317093154954506,2.000000000000000,Airborne,-74.034785069124780,RID,test_3,0.000000000000000,Takeoff,Sim_RID_0DRXSA,123.510000000000005,40.321086706179656,-74.033074126188950,0.049991000000000,,2.000000000000000,Helicopter/Multirotor,0.000000000000000,00:0e:8e:bf:0e:69,DJI,,67.900000000000006,557.149999999999977,M3T,"[""test_1"",""test_2"",""test_3""]",FIN87astrdge12k8,Sim_RID_0DRXSA,"[""66c78dbe411b7b67c46ddc75""]",DroneIDTest,,6aa2ba0f789990eef9e1d77e,1581F5FJC247600D6INE,"[""1581F5FJC247600D6INE""]","[{""id"":""1581F5FJC247600D6INE"",""type"":null,""type_label"":""Unknown""}]",Unknown,0.000000000000000
{A4E43B1F-E38A-8621-0289-BE97737DA48C},0.000000000000000,1581F5FJC247600D6INE,4.000000000000000,117.105259180068970,,1cz1yvXaTyvd,"[""852a1393fffffff""]",51.799999999999997,RID,1581F5FJC247600D6INE,1cz1yvXaTyvd,852a1393fffffff,,"Aug 06, 2024 19:00:34.115516 UTC",1581F5FJC247600D6INE,2,361.000000,110,80,40.317093154954506,-74.034785069124780,0,2,0,FIN87astrdge12k8,0,Drone ID test flight---,0,20.500000,40.321086706179656,-74.033074126188950,40.317093154954506,-74.034785069124780,00:0e:8e:bf:0e:69,6,2437,-62,DroneIDTest,wlan,40.317093154954506,2.000000000000000,Airborne,-74.034785069124780,RID,test_3,0.000000000000000,Takeoff,Sim_RID_0DRXSA,123.510000000000005,40.321086706179656,-74.033074126188950,0.049991000000000,,2.000000000000000,Helicopter/Multirotor,0.000000000000000,00:0e:8e:bf:0e:69,DJI,,67.900000000000006,557.149999999999977,M3T,"[""test_1"",""test_2"",""test_3""]",FIN87astrdge12k8,Sim_RID_0DRXSA,"[""66c78dbe411b7b67c46ddc75""]",DroneIDTest,,6aa2ba0f789990eef9e1d77e,1581F5FJC247600D6INE,"[""1581F5FJC247600D6INE""]","[{""id"":""1581F5FJC247600D6INE"",""type"":null,""type_label"":""Unknown""}]",Unknown,0.000000000000000
{49EDCD86-D84E-5663-18EF-7DC2250E9FC2},0.000000000000000,1581F5FJC247600D6INE,4.000000000000000,117.105259180068970,,1cz1yvXaTyvd,"[""852a1393fffffff""]",51.799999999999997,RID,1581F5FJC247600D6INE,1cz1yvXaTyvd,852a1393fffffff,,"Aug 06, 2024 19:00:34.115516 UTC",1581F5FJC247600D6INE,2,361.000000,110,80,40.317093154954506,-74.034785069124780,0,2,0,FIN87astrdge12k8,0,Drone ID test flight---,0,20.500000,40.321086706179656,-74.033074126188950,40.317093154954506,-74.034785069124780,00:0e:8e:bf:0e:69,6,2437,-62,DroneIDTest,wlan,40.317093154954506,2.000000000000000,Airborne,-74.034785069124780,RID,test_3,0.000000000000000,Takeoff,Sim_RID_0DRXSA,123.510000000000005,40.321086706179656,-74.033074126188950,0.049991000000000,,2.000000000000000,Helicopter/Multirotor,0.000000000000000,00:0e:8e:bf:0e:69,DJI,,67.900000000000006,557.149999999999977,M3T,"[""test_1"",""test_2"",""test_3""]",FIN87astrdge12k8,Sim_RID_0DRXSA,"[""66c78dbe411b7b67c46ddc75""]",DroneIDTest,,6aa2ba0f789990eef9e1d77e,1581F5FJC247600D6INE,"[""1581F5FJC247600D6INE""]","[{""id"":""1581F5FJC247600D6INE"",""type"":null,""type_label"":""Unknown""}]",Unknown,0.000000000000000
{A5DA3A49-1E1C-C281-E497-8F7385FB04FC},0.000000000000000,1581F5FJC247600D6INE,4.000000000000000,117.105259180068970,,1cz1yvXaTyvd,"[""852a1393fffffff""]",51.799999999999997,RID,1581F5FJC247600D6INE,1cz1yvXaTyvd,852a1393fffffff,,"Aug 06, 2024 19:00:34.115516 UTC",1581F5FJC247600D6INE,2,361.000000,110,80,40.317093154954506,-74.034785069124780,0,2,0,FIN87astrdge12k8,0,Drone ID test flight---,0,20.500000,40.321086706179656,-74.033074126188950,40.317093154954506,-74.034785069124780,00:0e:8e:bf:0e:69,6,2437,-62,DroneIDTest,wlan,40.317093154954506,2.000000000000000,Airborne,-74.034785069124780,RID,test_3,0.000000000000000,Takeoff,Sim_RID_0DRXSA,123.510000000000005,40.321086706179656,-74.033074126188950,0.049991000000000,,2.000000000000000,Helicopter/Multirotor,0.000000000000000,00:0e:8e:bf:0e:69,DJI,,67.900000000000006,557.149999999999977,M3T,"[""test_1"",""test_2"",""test_3""]",FIN87astrdge12k8,Sim_RID_0DRXSA,"[""66c78dbe411b7b67c46ddc75""]",DroneIDTest,,6aa2ba0f789990eef9e1d77e,1581F5FJC247600D6INE,"[""1581F5FJC247600D6INE""]","[{""id"":""1581F5FJC247600D6INE"",""type"":null,""type_label"":""Unknown""}]",Unknown,0.000000000000000
{6E41C18E-4E50-63EE-D431-58CCCB3FB1A4},0.000000000000000,1581F5FJC247600D6INE,4.000000000000000,117.105259180068970,,1cz1yvXaTyvd,"[""852a1393fffffff""]",51.799999999999997,RID,1581F5FJC247600D6INE,1cz1yvXaTyvd,852a1393fffffff,,"Aug 06, 2024 19:00:34.115516 UTC",1581F5FJC247600D6INE,2,361.000000,110,80,40.317093154954506,-74.034785069124780,0,2,0,FIN87astrdge12k8,0,Drone ID test flight---,0,20.500000,40.321086706179656,-74.033074126188950,40.317093154954506,-74.034785069124780,00:0e:8e:bf:0e:69,6,2437,-62,DroneIDTest,wlan,40.317093154954506,2.000000000000000,Airborne,-74.034785069124780,RID,test_3,0.000000000000000,Takeoff,Sim_RID_0DRXSA,123.510000000000005,40.321086706179656,-74.033074126188950,0.049991000000000,,2.000000000000000,Helicopter/Multirotor,0.000000000000000,00:0e:8e:bf:0e:69,DJI,,67.900000000000006,557.149999999999977,M3T,"[""test_1"",""test_2"",""test_3""]",FIN87astrdge12k8,Sim_RID_0DRXSA,"[""66c78dbe411b7b67c46ddc75""]",DroneIDTest,,6aa2ba0f789990eef9e1d77e,1581F5FJC247600D6INE,"[""1581F5FJC247600D6INE""]","[{""id"":""1581F5FJC247600D6INE"",""type"":null,""type_label"":""Unknown""}]",Unknown,0.000000000000000
{82EF9912-17D7-AF4D-4322-B8D251E6613F},0.000000000000000,1581F5FJC247600D6INE,4.000000000000000,117.105259180068970,,1cz1yvXaTyvd,"[""852a1393fffffff""]",51.799999999999997,RID,1581F5FJC247600D6INE,1cz1yvXaTyvd,852a1393fffffff,,"Aug 06, 2024 19:00:34.115516 UTC",1581F5FJC247600D6INE,2,361.000000,110,80,40.317093154954506,-74.034785069124780,0,2,0,FIN87astrdge12k8,0,Drone ID test flight---,0,20.500000,40.321086706179656,-74.033074126188950,40.317093154954506,-74.034785069124780,00:0e:8e:bf:0e:69,6,2437,-62,DroneIDTest,wlan,40.317093154954506,2.000000000000000,Airborne,-74.034785069124780,RID,test_3,0.000000000000000,Takeoff,Sim_RID_0DRXSA,123.510000000000005,40.321086706179656,-74.033074126188950,0.049991000000000,,2.000000000000000,Helicopter/Multirotor,0.000000000000000,00:0e:8e:bf:0e:69,DJI,,67.900000000000006,557.149999999999977,M3T,"[""test_1"",""test_2"",""test_3""]",FIN87astrdge12k8,Sim_RID_0DRXSA,"[""66c78dbe411b7b67c46ddc75""]",DroneIDTest,,6aa2ba0f789990eef9e1d77e,1581F5FJC247600D6INE,"[""1581F5FJC247600D6INE""]","[{""id"":""1581F5FJC247600D6INE"",""type"":null,""type_label"":""Unknown""}]",Unknown,0.000000000000000
{E241EA17-3F2D-4D58-4052-B980F4DB0AF4},0.000000000000000,1581F5FJC247600D6INE,4.000000000000000,117.105259180068970,,1cz1yvXaTyvd,"[""852a1393fffffff""]",51.799999999999997,RID,1581F5FJC247600D6INE,1cz1yvXaTyvd,852a1393fffffff,,"Aug 06, 2024 19:00:34.115516 UTC",1581F5FJC247600D6INE,2,361.000000,110,80,40.317093154954506,-74.034785069124780,0,2,0,FIN87astrdge12k8,0,Drone ID test flight---,0,20.500000,40.321086706179656,-74.033074126188950,40.317093154954506,-74.034785069124780,00:0e:8e:bf:0e:69,6,2437,-62,DroneIDTest,wlan,40.317093154954506,2.000000000000000,Airborne,-74.034785069124780,RID,test_3,0.000000000000000,Takeoff,Sim_RID_0DRXSA,123.510000000000005,40.321086706179656,-74.033074126188950,0.049991000000000,,2.000000000000000,Helicopter/Multirotor,0.000000000000000,00:0e:8e:bf:0e:69,DJI,,67.900000000000006,557.149999999999977,M3T,"[""test_1"",""test_2"",""test_3""]",FIN87astrdge12k8,Sim_RID_0DRXSA,"[""66c78dbe411b7b67c46ddc75""]",DroneIDTest,,6aa2ba0f789990eef9e1d77e,1581F5FJC247600D6INE,"[""1581F5FJC247600D6INE""]","[{""id"":""1581F5FJC247600D6INE"",""type"":null,""type_label"":""Unknown""}]",Unknown,0.000000000000000
{94B73A9D-0A02-9E04-B4C5-BE245C7B134E},0.000000000000000,1581F5FJC247600D6INE,4.000000000000000,117.105259180068970,,1cz1yvXaTyvd,"[""852a1393fffffff""]",51.799999999999997,RID,1581F5FJC247600D6INE,1cz1yvXaTyvd,852a1393fffffff,,"Aug 06, 2024 19:00:34.115516 UTC",1581F5FJC247600D6INE,2,361.000000,110,80,40.317093154954506,-74.034785069124780,0,2,0,FIN87astrdge12k8,0,Drone ID test flight---,0,20.500000,40.321086706179656,-74.033074126188950,40.317093154954506,-74.034785069124780,00:0e:8e:bf:0e:69,6,2437,-62,DroneIDTest,wlan,40.317093154954506,2.000000000000000,Airborne,-74.034785069124780,RID,test_3,0.000000000000000,Takeoff,Sim_RID_0DRXSA,123.510000000000005,40.321086706179656,-74.033074126188950,0.049991000000000,,2.000000000000000,Helicopter/Multirotor,0.000000000000000,00:0e:8e:bf:0e:69,DJI,,67.900000000000006,557.149999999999977,M3T,"[""test_1"",""test_2"",""test_3""]",FIN87astrdge12k8,Sim_RID_0DRXSA,"[""66c78dbe411b7b67c46ddc75""]",DroneIDTest,,6aa2ba0f789990eef9e1d77e,1581F5FJC247600D6INE,"[""1581F5FJC247600D6INE""]","[{""id"":""1581F5FJC247600D6INE"",""type"":null,""type_label"":""Unknown""}]",Unknown,0.000000000000000
{0C4CB5CF-F26C-C9E2-EB9D-C2EA143F5640},0.000000000000000,1581F5FJC247600D6INE,4.000000000000000,117.105259180068970,,1cz1yvXaTyvd,"[""852a1393fffffff""]",51.799999999999997,RID,1581F5FJC247600D6INE,1cz1yvXaTyvd,852a1393fffffff,,"Aug 06, 2024 19:00:34.115516 UTC",1581F5FJC247600D6INE,2,361.000000,110,80,40.317093154954506,-74.034785069124780,0,2,0,FIN87astrdge12k8,0,Drone ID test flight---,0,20.500000,40.321086706179656,-74.033074126188950,40.317093154954506,-74.034785069124780,00:0e:8e:bf:0e:69,6,2437,-62,DroneIDTest,wlan,40.317093154954506,2.000000000000000,Airborne,-74.034785069124780,RID,test_3,0.000000000000000,Takeoff,Sim_RID_0DRXSA,123.510000000000005,40.321086706179656,-74.033074126188950,0.049991000000000,,2.000000000000000,Helicopter/Multirotor,0.000000000000000,00:0e:8e:bf:0e:69,DJI,,67.900000000000006,557.149999999999977,M3T,"[""test_1"",""test_2"",""test_3""]",FIN87astrdge12k8,Sim_RID_0DRXSA,"[""66c78dbe411b7b67c46ddc75""]",DroneIDTest,,6aa2ba0f789990eef9e1d77e,1581F5FJC247600D6INE,"[""1581F5FJC247600D6INE""]","[{""id"":""1581F5FJC247600D6INE"",""type"":null,""type_label"":""Unknown""}]",Unknown,0.000000000000000
{D69407C1-BF87-05C8-6B26-81B1A96E4D69},0.000000000000000,1581F5FJC247600D6INE,4.000000000000000,117.105259180068970,,1cz1yvXaTyvd,"[""852a1393fffffff""]",51.799999999999997,RID,1581F5FJC247600D6INE,1cz1yvXaTyvd,852a1393fffffff,,"Aug 06, 2024 19:00:34.115516 UTC",1581F5FJC247600D6INE,2,361.000000,110,80,40.317093154954506,-74.034785069124780,0,2,0,FIN87astrdge12k8,0,Drone ID test flight---,0,20.500000,40.321086706179656,-74.033074126188950,40.317093154954506,-74.034785069124780,00:0e:8e:bf:0e:69,6,2437,-62,DroneIDTest,wlan,40.317093154954506,2.000000000000000,Airborne,-74.034785069124780,RID,test_3,0.000000000000000,Takeoff,Sim_RID_0DRXSA,123.510000000000005,40.321086706179656,-74.033074126188950,0.049991000000000,,2.000000000000000,Helicopter/Multirotor,0.000000000000000,00:0e:8e:bf:0e:69,DJI,,67.900000000000006,557.149999999999977,M3T,"[""test_1"",""test_2"",""test_3""]",FIN87astrdge12k8,Sim_RID_0DRXSA,"[""66c78dbe411b7b67c46ddc75""]",DroneIDTest,,6aa2ba0f789990eef9e1d77e,1581F5FJC247600D6INE,"[""1581F5FJC247600D6INE""]","[{""id"":""1581F5FJC247600D6INE"",""type"":null,""type_label"":""Unknown""}]",Unknown,0.000000000000000
{FB9EC05A-3B82-ECB0-C0BE-902A00D3D69A},0.000000000000000,1581F5FJC247600D6INE,4.000000000000000,117.105259180068970,,1cz1yvXaTyvd,"[""852a1393fffffff""]",51.799999999999997,RID,1581F5FJC247600D6INE,1cz1yvXaTyvd,852a1393fffffff,,"Aug 06, 2024 19:00:34.115516 UTC",1581F5FJC247600D6INE,2,361.000000,110,80,40.317093154954506,-74.034785069124780,0,2,0,FIN87astrdge12k8,0,Drone ID test flight---,0,20.500000,40.321086706179656,-74.033074126188950,40.317093154954506,-74.034785069124780,00:0e:8e:bf:0e:69,6,2437,-62,DroneIDTest,wlan,40.317093154954506,2.000000000000000,Airborne,-74.034785069124780,RID,test_3,0.000000000000000,Takeoff,Sim_RID_0DRXSA,123.510000000000005,40.321086706179656,-74.033074126188950,0.049991000000000,,2.000000000000000,Helicopter/Multirotor,0.000000000000000,00:0e:8e:bf:0e:69,DJI,,67.900000000000006,557.149999999999977,M3T,"[""test_1"",""test_2"",""test_3""]",FIN87astrdge12k8,Sim_RID_0DRXSA,"[""66c78dbe411b7b67c46ddc75""]",DroneIDTest,,6aa2ba0f789990eef9e1d77e,1581F5FJC247600D6INE,"[""1581F5FJC247600D6INE""]","[{""id"":""1581F5FJC247600D6INE"",""type"":null,""type_label"":""Unknown""}]",Unknown,0.000000000000000
{1348718A-CB4A-13DF-04EB-CB17B5505E94},0.000000000000000,1581F5FJC247600D6INE,4.000000000000000,117.105259180068970,,1cz1yvXaTyvd,"[""852a1393fffffff""]",51.799999999999997,RID,1581F5FJC247600D6INE,1cz1yvXaTyvd,852a1393fffffff,,"Aug 06, 2024 19:00:34.115516 UTC",1581F5FJC247600D6INE,2,361.000000,110,80,40.317093154954506,-74.034785069124780,0,2,0,FIN87astrdge12k8,0,Drone ID test flight---,0,20.500000,40.321086706179656,-74.033074126188950,40.317093154954506,-74.034785069124780,00:0e:8e:bf:0e:69,6,2437,-62,DroneIDTest,wlan,40.317093154954506,2.000000000000000,Airborne,-74.034785069124780,RID,test_3,0.000000000000000,Takeoff,Sim_RID_0DRXSA,123.510000000000005,40.321086706179656,-74.033074126188950,0.049991000000000,,2.000000000000000,Helicopter/Multirotor,0.000000000000000,00:0e:8e:bf:0e:69,DJI,,67.900000000000006,557.149999999999977,M3T,"[""test_1"",""test_2"",""test_3""]",FIN87astrdge12k8,Sim_RID_0DRXSA,"[""66c78dbe411b7b67c46ddc75""]",DroneIDTest,,6aa2ba0f789990eef9e1d77e,1581F5FJC247600D6INE,"[""1581F5FJC247600D6INE""]","[{""id"":""1581F5FJC247600D6INE"",""type"":null,""type_label"":""Unknown""}]",Unknown,0.000000000000000
{8D47FCC7-A862-3D49-B2FA-A2F6F5E97415},0.000000000000000,1581F5FJC247600D6INE,4.000000000000000,117.105259180068970,,1cz1yvXaTyvd,"[""852a1393fffffff""]",51.799999999999997,RID,1581F5FJC247600D6INE,1cz1yvXaTyvd,852a1393fffffff,,"Aug 06, 2024 19:00:34.115516 UTC",1581F5FJC247600D6INE,2,361.000000,110,80,40.317093154954506,-74.034785069124780,0,2,0,FIN87astrdge12k8,0,Drone ID test flight---,0,20.500000,40.321086706179656,-74.033074126188950,40.317093154954506,-74.034785069124780,00:0e:8e:bf:0e:69,6,2437,-62,DroneIDTest,wlan,40.317093154954506,2.000000000000000,Airborne,-74.034785069124780,RID,test_3,0.000000000000000,Takeoff,Sim_RID_0DRXSA,123.510000000000005,40.321086706179656,-74.033074126188950,0.049991000000000,,2.000000000000000,Helicopter/Multirotor,0.000000000000000,00:0e:8e:bf:0e:69,DJI,,67.900000000000006,557.149999999999977,M3T,"[""test_1"",""test_2"",""test_3""]",FIN87astrdge12k8,Sim_RID_0DRXSA,"[""66c78dbe411b7b67c46ddc75""]",DroneIDTest,,6aa2ba0f789990eef9e1d77e,1581F5FJC247600D6INE,"[""1581F5FJC247600D6INE""]","[{""id"":""1581F5FJC247600D6INE"",""type"":null,""type_label"":""Unknown""}]",Unknown,0.000000000000000
{2203C3B5-8CF7-CC33-0D6D-1DC48C220715},0.000000000000000,1581F5FJC247600D6INE,4.000000000000000,117.105259180068970,,1cz1yvXaTyvd,"[""852a1393fffffff""]",51.799999999999997,RID,1581F5FJC247600D6INE,1cz1yvXaTyvd,852a1393fffffff,,"Aug 06, 2024 19:00:34.115516 UTC",1581F5FJC247600D6INE,2,361.000000,110,80,40.317093154954506,-74.034785069124780,0,2,0,FIN87astrdge12k8,0,Drone ID test flight---,0,20.500000,40.321086706179656,-74.033074126188950,40.317093154954506,-74.034785069124780,00:0e:8e:bf:0e:69,6,2437,-62,DroneIDTest,wlan,40.317093154954506,2.000000000000000,Airborne,-74.034785069124780,RID,test_3,0.000000000000000,Takeoff,Sim_RID_0DRXSA,123.510000000000005,40.321086706179656,-74.033074126188950,0.049991000000000,,2.000000000000000,Helicopter/Multirotor,0.000000000000000,00:0e:8e:bf:0e:69,DJI,,67.900000000000006,557.149999999999977,M3T,"[""test_1"",""test_2"",""test_3""]",FIN87astrdge12k8,Sim_RID_0DRXSA,"[""66c78dbe411b7b67c46ddc75""]",DroneIDTest,,6aa2ba0f789990eef9e1d77e,1581F5FJC247600D6INE,"[""1581F5FJC247600D6INE""]","[{""id"":""1581F5FJC247600D6INE"",""type"":null,""type_label"":""Unknown""}]",Unknown,0.000000000000000
{19ABB023-4A08-601A-D777-A21A8300D84C},0.000000000000000,1581F5FJC247600D6INE,4.000000000000000,117.105259180068970,,1cz1yvXaTyvd,"[""852a1393fffffff""]",51.799999999999997,RID,1581F5FJC247600D6INE,1cz1yvXaTyvd,852a1393fffffff,,"Aug 06, 2024 19:00:34.115516 UTC",1581F5FJC247600D6INE,2,361.000000,110,80,40.317093154954506,-74.034785069124780,0,2,0,FIN87astrdge12k8,0,Drone ID test flight---,0,20.500000,40.321086706179656,-74.033074126188950,40.317093154954506,-74.034785069124780,00:0e:8e:bf:0e:69,6,2437,-62,DroneIDTest,wlan,40.317093154954506,2.000000000000000,Airborne,-74.034785069124780,RID,test_3,0.000000000000000,Takeoff,Sim_RID_0DRXSA,123.510000000000005,40.321086706179656,-74.033074126188950,0.049991000000000,,2.000000000000000,Helicopter/Multirotor,0.000000000000000,00:0e:8e:bf:0e:69,DJI,,67.900000000000006,557.149999999999977,M3T,"[""test_1"",""test_2"",""test_3""]",FIN87astrdge12k8,Sim_RID_0DRXSA,"[""66c78dbe411b7b67c46ddc75""]",DroneIDTest,,6aa2ba0f789990eef9e1d77e,1581F5FJC247600D6INE,"[""1581F5FJC247600D6INE""]","[{""id"":""1581F5FJC247600D6INE"",""type"":null,""type_label"":""Unknown""}]",Unknown,0.000000000000000
{77D74736-2AE1-B9D3-2916-DF7D288FDCF8},0.000000000000000,1581F5FJC247600D6INE,4.000000000000000,117.105259180068970,,1cz1yvXaTyvd,"[""852a1393fffffff""]",51.799999999999997,RID,1581F5FJC247600D6INE,1cz1yvXaTyvd,852a1393fffffff,,"Aug 06, 2024 19:00:34.115516 UTC",1581F5FJC247600D6INE,2,361.000000,110,80,40.317093154954506,-74.034785069124780,0,2,0,FIN87astrdge12k8,0,Drone ID test flight---,0,20.500000,40.321086706179656,-74.033074126188950,40.317093154954506,-74.034785069124780,00:0e:8e:bf:0e:69,6,2437,-62,DroneIDTest,wlan,40.317093154954506,2.000000000000000,Airborne,-74.034785069124780,RID,test_3,0.000000000000000,Takeoff,Sim_RID_0DRXSA,123.510000000000005,40.321086706179656,-74.033074126188950,0.049991000000000,,2.000000000000000,Helicopter/Multirotor,0.000000000000000,00:0e:8e:bf:0e:69,DJI,,67.900000000000006,557.149999999999977,M3T,"[""test_1"",""test_2"",""test_3""]",FIN87astrdge12k8,Sim_RID_0DRXSA,"[""66c78dbe411b7b67c46ddc75""]",DroneIDTest,,6aa2ba0f789990eef9e1d77e,1581F5FJC247600D6INE,"[""1581F5FJC247600D6INE""]","[{""id"":""1581F5FJC247600D6INE"",""type"":null,""type_label"":""Unknown""}]",Unknown,0.000000000000000
{03153BE7-C5C7-4EF3-A02B-67F2AF079ADC},0.000000000000000,1581F5FJC247600D6INE,4.000000000000000,117.105259180068970,,1cz1yvXaTyvd,"[""852a1393fffffff""]",51.799999999999997,RID,1581F5FJC247600D6INE,1cz1yvXaTyvd,852a1393fffffff,,"Aug 06, 2024 19:00:34.115516 UTC",1581F5FJC247600D6INE,2,361.000000,110,80,40.317093154954506,-74.034785069124780,0,2,0,FIN87astrdge12k8,0,Drone ID test flight---,0,20.500000,40.321086706179656,-74.033074126188950,40.317093154954506,-74.034785069124780,00:0e:8e:bf:0e:69,6,2437,-62,DroneIDTest,wlan,40.317093154954506,2.000000000000000,Airborne,-74.034785069124780,RID,test_3,0.000000000000000,Takeoff,Sim_RID_0DRXSA,123.510000000000005,40.321086706179656,-74.033074126188950,0.049991000000000,,2.000000000000000,Helicopter/Multirotor,0.000000000000000,00:0e:8e:bf:0e:69,DJI,,67.900000000000006,557.149999999999977,M3T,"[""test_1"",""test_2"",""test_3""]",FIN87astrdge12k8,Sim_RID_0DRXSA,"[""66c78dbe411b7b67c46ddc75""]",DroneIDTest,,6aa2ba0f789990eef9e1d77e,1581F5FJC247600D6INE,"[""1581F5FJC247600D6INE""]","[{""id"":""1581F5FJC247600D6INE"",""type"":null,""type_label"":""Unknown""}]",Unknown,0.000000000000000
{24BD34B2-19D3-2F70-12BC-CED7A485C08B},0.000000000000000,1581F5FJC247600D6INE,4.000000000000000,117.105259180068970,,1cz1yvXaTyvd,"[""852a1393fffffff""]",51.799999999999997,RID,1581F5FJC247600D6INE,1cz1yvXaTyvd,852a1393fffffff,,"Aug 06, 2024 19:00:34.115516 UTC",1581F5FJC247600D6INE,2,361.000000,110,80,40.317093154954506,-74.034785069124780,0,2,0,FIN87astrdge12k8,0,Drone ID test flight---,0,20.500000,40.321086706179656,-74.033074126188950,40.317093154954506,-74.034785069124780,00:0e:8e:bf:0e:69,6,2437,-62,DroneIDTest,wlan,40.317093154954506,2.000000000000000,Airborne,-74.034785069124780,RID,test_3,0.000000000000000,Takeoff,Sim_RID_0DRXSA,123.510000000000005,40.321086706179656,-74.033074126188950,0.049991000000000,,2.000000000000000,Helicopter/Multirotor,0.000000000000000,00:0e:8e:bf:0e:69,DJI,,67.900000000000006,557.149999999999977,M3T,"[""test_1"",""test_2"",""test_3""]",FIN87astrdge12k8,Sim_RID_0DRXSA,"[""66c78dbe411b7b67c46ddc75""]",DroneIDTest,,6aa2ba0f789990eef9e1d77e,1581F5FJC247600D6INE,"[""1581F5FJC247600D6INE""]","[{""id"":""1581F5FJC247600D6INE"",""type"":null,""type_label"":""Unknown""}]",Unknown,0.000000000000000
{452BB886-B44D-2188-264F-60F1705E7DE6},0.000000000000000,1581F5FJC247600D6INE,4.000000000000000,117.105259180068970,,1cz1yvXaTyvd,"[""852a1393fffffff""]",51.799999999999997,RID,1581F5FJC247600D6INE,1cz1yvXaTyvd,852a1393fffffff,,"Aug 06, 2024 19:00:34.115516 UTC",1581F5FJC247600D6INE,2,361.000000,110,80,40.317093154954506,-74.034785069124780,0,2,0,FIN87astrdge12k8,0,Drone ID test flight---,0,20.500000,40.321086706179656,-74.033074126188950,40.317093154954506,-74.034785069124780,00:0e:8e:bf:0e:69,6,2437,-62,DroneIDTest,wlan,40.317093154954506,2.000000000000000,Airborne,-74.034785069124780,RID,test_3,0.000000000000000,Takeoff,Sim_RID_0DRXSA,123.510000000000005,40.321086706179656,-74.033074126188950,0.049991000000000,,2.000000000000000,Helicopter/Multirotor,0.000000000000000,00:0e:8e:bf:0e:69,DJI,,67.900000000000006,557.149999999999977,M3T,"[""test_1"",""test_2"",""test_3""]",FIN87astrdge12k8,Sim_RID_0DRXSA,"[""66c78dbe411b7b67c46ddc75""]",DroneIDTest,,6aa2ba0f789990eef9e1d77e,1581F5FJC247600D6INE,"[""1581F5FJC247600D6INE""]","[{""id"":""1581F5FJC247600D6INE"",""type"":null,""type_label"":""Unknown""}]",Unknown,0.000000000000000
{4E9B7705-45FD-17E1-1B54-C9C1680C60E2},0.000000000000000,1581F5FJC247600D6INE,4.000000000000000,117.105259180068970,,1cz1yvXaTyvd,"[""852a1393fffffff""]",51.799999999999997,RID,1581F5FJC247600D6INE,1cz1yvXaTyvd,852a1393fffffff,,"Aug 06, 2024 19:00:34.115516 UTC",1581F5FJC247600D6INE,2,361.000000,110,80,40.317093154954506,-74.034785069124780,0,2,0,FIN87astrdge12k8,0,Drone ID test flight---,0,20.500000,40.321086706179656,-74.033074126188950,40.317093154954506,-74.034785069124780,00:0e:8e:bf:0e:69,6,2437,-62,DroneIDTest,wlan,40.317093154954506,2.000000000000000,Airborne,-74.034785069124780,RID,test_3,0.000000000000000,Takeoff,Sim_RID_0DRXSA,123.510000000000005,40.321086706179656,-74.033074126188950,0.049991000000000,,2.000000000000000,Helicopter/Multirotor,0.000000000000000,00:0e:8e:bf:0e:69,DJI,,67.900000000000006,557.149999999999977,M3T,"[""test_1"",""test_2"",""test_3""]",FIN87astrdge12k8,Sim_RID_0DRXSA,"[""66c78dbe411b7b67c46ddc75""]",DroneIDTest,,6aa2ba0f789990eef9e1d77e,1581F5FJC247600D6INE,"[""1581F5FJC247600D6INE""]","[{""id"":""1581F5FJC247600D6INE"",""type"":null,""type_label"":""Unknown""}]",Unknown,0.000000000000000
{944E5FE6-31AC-65F1-9371-3A1A43BABA8E},0.000000000000000,1581F5FJC247600D6INE,4.000000000000000,117.105259180068970,,1cz1yvXaTyvd,"[""852a1393fffffff""]",51.799999999999997,RID,1581F5FJC247600D6INE,1cz1yvXaTyvd,852a1393fffffff,,"Aug 06, 2024 19:00:34.115516 UTC",1581F5FJC247600D6INE,2,361.000000,110,80,40.317093154954506,-74.034785069124780,0,2,0,FIN87astrdge12k8,0,Drone ID test flight---,0,20.500000,40.321086706179656,-74.033074126188950,40.317093154954506,-74.034785069124780,00:0e:8e:bf:0e:69,6,2437,-62,DroneIDTest,wlan,40.317093154954506,2.000000000000000,Airborne,-74.034785069124780,RID,test_3,0.000000000000000,Takeoff,Sim_RID_0DRXSA,123.510000000000005,40.321086706179656,-74.033074126188950,0.049991000000000,,2.000000000000000,Helicopter/Multirotor,0.000000000000000,00:0e:8e:bf:0e:69,DJI,,67.900000000000006,557.149999999999977,M3T,"[""test_1"",""test_2"",""test_3""]",FIN87astrdge12k8,Sim_RID_0DRXSA,"[""66c78dbe411b7b67c46ddc75""]",DroneIDTest,,6aa2ba0f789990eef9e1d77e,1581F5FJC247600D6INE,"[""1581F5FJC247600D6INE""]","[{""id"":""1581F5FJC247600D6INE"",""type"":null,""type_label"":""Unknown""}]",Unknown,0.000000000000000
{5FEC3DBC-725B-569F-D2D3-E3F76FA2D054},0.000000000000000,1581F5FJC247600D6INE,4.000000000000000,117.105259180068970,,1cz1yvXaTyvd,"[""852a1393fffffff""]",51.799999999999997,RID,1581F5FJC247600D6INE,1cz1yvXaTyvd,852a1393fffffff,,"Aug 06, 2024 19:00:34.115516 UTC",1581F5FJC247600D6INE,2,361.000000,110,80,40.317093154954506,-74.034785069124780,0,2,0,FIN87astrdge12k8,0,Drone ID test flight---,0,20.500000,40.321086706179656,-74.033074126188950,40.317093154954506,-74.034785069124780,00:0e:8e:bf:0e:69,6,2437,-62,DroneIDTest,wlan,40.317093154954506,2.000000000000000,Airborne,-74.034785069124780,RID,test_3,0.000000000000000,Takeoff,Sim_RID_0DRXSA,123.510000000000005,40.321086706179656,-74.033074126188950,0.049991000000000,,2.000000000000000,Helicopter/Multirotor,0.000000000000000,00:0e:8e:bf:0e:69,DJI,,67.900000000000006,557.149999999999977,M3T,"[""test_1"",""test_2"",""test_3""]",FIN87astrdge12k8,Sim_RID_0DRXSA,"[""66c78dbe411b7b67c46ddc75""]",DroneIDTest,,6aa2ba0f789990eef9e1d77e,1581F5FJC247600D6INE,"[""1581F5FJC247600D6INE""]","[{""id"":""1581F5FJC247600D6INE"",""type"":null,""type_label"":""Unknown""}]",Unknown,0.000000000000000
{B323C7DC-E7E7-092A-C17A-DF891C345D7E},0.000000000000000,1581F5FJC247600D6INE,4.000000000000000,117.105259180068970,,1cz1yvXaTyvd,"[""852a1393fffffff""]",51.799999999999997,RID,1581F5FJC247600D6INE,1cz1yvXaTyvd,852a1393fffffff,,"Aug 06, 2024 19:00:34.115516 UTC",1581F5FJC247600D6INE,2,361.000000,110,80,40.317093154954506,-74.034785069124780,0,2,0,FIN87astrdge12k8,0,Drone ID test flight---,0,20.500000,40.321086706179656,-74.033074126188950,40.317093154954506,-74.034785069124780,00:0e:8e:bf:0e:69,6,2437,-62,DroneIDTest,wlan,40.317093154954506,2.000000000000000,Airborne,-74.034785069124780,RID,test_3,0.000000000000000,Takeoff,Sim_RID_0DRXSA,123.510000000000005,40.321086706179656,-74.033074126188950,0.049991000000000,,2.000000000000000,Helicopter/Multirotor,0.000000000000000,00:0e:8e:bf:0e:69,DJI,,67.900000000000006,557.149999999999977,M3T,"[""test_1"",""test_2"",""test_3""]",FIN87astrdge12k8,Sim_RID_0DRXSA,"[""66c78dbe411b7b67c46ddc75""]",DroneIDTest,,6aa2ba0f789990eef9e1d77e,1581F5FJC247600D6INE,"[""1581F5FJC247600D6INE""]","[{""id"":""1581F5FJC247600D6INE"",""type"":null,""type_label"":""Unknown""}]",Unknown,0.000000000000000
{6AF65F9A-EE35-B84A-DE27-CD8EF78628FC},0.000000000000000,1581F5FJC247600D6INE,4.000000000000000,117.105259180068970,,1cz1yvXaTyvd,"[""852a1393fffffff""]",51.799999999999997,RID,1581F5FJC247600D6INE,1cz1yvXaTyvd,852a1393fffffff,,"Aug 06, 2024 19:00:34.115516 UTC",1581F5FJC247600D6INE,2,361.000000,110,80,40.317093154954506,-74.034785069124780,0,2,0,FIN87astrdge12k8,0,Drone ID test flight---,0,20.500000,40.321086706179656,-74.033074126188950,40.317093154954506,-74.034785069124780,00:0e:8e:bf:0e:69,6,2437,-62,DroneIDTest,wlan,40.317093154954506,2.000000000000000,Airborne,-74.034785069124780,RID,test_3,0.000000000000000,Takeoff,Sim_RID_0DRXSA,123.510000000000005,40.321086706179656,-74.033074126188950,0.049991000000000,,2.000000000000000,Helicopter/Multirotor,0.000000000000000,00:0e:8e:bf:0e:69,DJI,,67.900000000000006,557.149999999999977,M3T,"[""test_1"",""test_2"",""test_3""]",FIN87astrdge12k8,Sim_RID_0DRXSA,"[""66c78dbe411b7b67c46ddc75""]",DroneIDTest,,6aa2ba0f789990eef9e1d77e,1581F5FJC247600D6INE,"[""1581F5FJC247600D6INE""]","[{""id"":""1581F5FJC247600D6INE"",""type"":null,""type_label"":""Unknown""}]",Unknown,0.000000000000000
{63E5ECB7-CBBD-CF94-1B4B-CAEA1F13B363},0.000000000000000,1581F5FJC247600D6INE,4.000000000000000,117.105259180068970,,1cz1yvXaTyvd,"[""852a1393fffffff""]",51.799999999999997,RID,1581F5FJC247600D6INE,1cz1yvXaTyvd,852a1393fffffff,,"Aug 06, 2024 19:00:34.115516 UTC",1581F5FJC247600D6INE,2,361.000000,110,80,40.317093154954506,-74.034785069124780,0,2,0,FIN87astrdge12k8,0,Drone ID test flight---,0,20.500000,40.321086706179656,-74.033074126188950,40.317093154954506,-74.034785069124780,00:0e:8e:bf:0e:69,6,2437,-62,DroneIDTest,wlan,40.317093154954506,2.000000000000000,Airborne,-74.034785069124780,RID,test_3,0.000000000000000,Takeoff,Sim_RID_0DRXSA,123.510000000000005,40.321086706179656,-74.033074126188950,0.049991000000000,,2.000000000000000,Helicopter/Multirotor,0.000000000000000,00:0e:8e:bf:0e:69,DJI,,67.900000000000006,557.149999999999977,M3T,"[""test_1"",""test_2"",""test_3""]",FIN87astrdge12k8,Sim_RID_0DRXSA,"[""66c78dbe411b7b67c46ddc75""]",DroneIDTest,,6aa2ba0f789990eef9e1d77e,1581F5FJC247600D6INE,"[""1581F5FJC247600D6INE""]","[{""id"":""1581F5FJC247600D6INE"",""type"":null,""type_label"":""Unknown""}]",Unknown,0.000000000000000
{B5BF8D18-529E-7322-C386-897055994139},0.000000000000000,1581F5FJC247600D6INE,4.000000000000000,117.105259180068970,,1cz1yvXaTyvd,"[""852a1393fffffff""]",51.799999999999997,RID,1581F5FJC247600D6INE,1cz1yvXaTyvd,852a1393fffffff,,"Aug 06, 2024 19:00:34.115516 UTC",1581F5FJC247600D6INE,2,361.000000,110,80,40.317093154954506,-74.034785069124780,0,2,0,FIN87astrdge12k8,0,Drone ID test flight---,0,20.500000,40.321086706179656,-74.033074126188950,40.317093154954506,-74.034785069124780,00:0e:8e:bf:0e:69,6,2437,-62,DroneIDTest,wlan,40.317093154954506,2.000000000000000,Airborne,-74.034785069124780,RID,test_3,0.000000000000000,Takeoff,Sim_RID_0DRXSA,123.510000000000005,40.321086706179656,-74.033074126188950,0.049991000000000,,2.000000000000000,Helicopter/Multirotor,0.000000000000000,00:0e:8e:bf:0e:69,DJI,,67.900000000000006,557.149999999999977,M3T,"[""test_1"",""test_2"",""test_3""]",FIN87astrdge12k8,Sim_RID_0DRXSA,"[""66c78dbe411b7b67c46ddc75""]",DroneIDTest,,6aa2ba0f789990eef9e1d77e,1581F5FJC247600D6INE,"[""1581F5FJC247600D6INE""]","[{""id"":""1581F5FJC247600D6INE"",""type"":null,""type_label"":""Unknown""}]",Unknown,0.000000000000000
{C2350BB8-39C6-5D72-A0BD-A1FF9E2FC56F},0.000000000000000,1581F5FJC247600D6INE,4.000000000000000,117.105259180068970,,1cz1yvXaTyvd,"[""852a1393fffffff""]",51.799999999999997,RID,1581F5FJC247600D6INE,1cz1yvXaTyvd,852a1393fffffff,,"Aug 06, 2024 19:00:34.115516 UTC",1581F5FJC247600D6INE,2,361.000000,110,80,40.317093154954506,-74.034785069124780,0,2,0,FIN87astrdge12k8,0,Drone ID test flight---,0,20.500000,40.321086706179656,-74.033074126188950,40.317093154954506,-74.034785069124780,00:0e:8e:bf:0e:69,6,2437,-62,DroneIDTest,wlan,40.317093154954506,2.000000000000000,Airborne,-74.034785069124780,RID,test_3,0.000000000000000,Takeoff,Sim_RID_0DRXSA,123.510000000000005,40.321086706179656,-74.033074126188950,0.049991000000000,,2.000000000000000,Helicopter/Multirotor,0.000000000000000,00:0e:8e:bf:0e:69,DJI,,67.900000000000006,557.149999999999977,M3T,"[""test_1"",""test_2"",""test_3""]",FIN87astrdge12k8,Sim_RID_0DRXSA,"[""66c78dbe411b7b67c46ddc75""]",DroneIDTest,,6aa2ba0f789990eef9e1d77e,1581F5FJC247600D6INE,"[""1581F5FJC247600D6INE""]","[{""id"":""1581F5FJC247600D6INE"",""type"":null,""type_label"":""Unknown""}]",Unknown,0.000000000000000
{FE2252DD-9410-378E-A38E-73D48FDE702E},0.000000000000000,1581F5FJC247600D6INE,4.000000000000000,117.105259180068970,,1cz1yvXaTyvd,"[""852a1393fffffff""]",51.799999999999997,RID,1581F5FJC247600D6INE,1cz1yvXaTyvd,852a1393fffffff,,"Aug 06, 2024 19:00:34.115516 UTC",1581F5FJC247600D6INE,2,361.000000,110,80,40.317093154954506,-74.034785069124780,0,2,0,FIN87astrdge12k8,0,Drone ID test flight---,0,20.500000,40.321086706179656,-74.033074126188950,40.317093154954506,-74.034785069124780,00:0e:8e:bf:0e:69,6,2437,-62,DroneIDTest,wlan,40.317093154954506,2.000000000000000,Airborne,-74.034785069124780,RID,test_3,0.000000000000000,Takeoff,Sim_RID_0DRXSA,123.510000000000005,40.321086706179656,-74.033074126188950,0.049991000000000,,2.000000000000000,Helicopter/Multirotor,0.000000000000000,00:0e:8e:bf:0e:69,DJI,,67.900000000000006,557.149999999999977,M3T,"[""test_1"",""test_2"",""test_3""]",FIN87astrdge12k8,Sim_RID_0DRXSA,"[""66c78dbe411b7b67c46ddc75""]",DroneIDTest,,6aa2ba0f789990eef9e1d77e,1581F5FJC247600D6INE,"[""1581F5FJC247600D6INE""]","[{""id"":""1581F5FJC247600D6INE"",""type"":null,""type_label"":""Unknown""}]",Unknown,0.000000000000000
{E17B4D92-2009-CF6D-B22E-251E8BEFE5D6},0.000000000000000,1581F5FJC247600D6INE,4.000000000000000,117.105259180068970,,1cz1yvXaTyvd,"[""852a1393fffffff""]",51.799999999999997,RID,1581F5FJC247600D6INE,1cz1yvXaTyvd,852a1393fffffff,,"Aug 06, 2024 19:00:34.115516 UTC",1581F5FJC247600D6INE,2,361.000000,110,80,40.317093154954506,-74.034785069124780,0,2,0,FIN87astrdge12k8,0,Drone ID test flight---,0,20.500000,40.321086706179656,-74.033074126188950,40.317093154954506,-74.034785069124780,00:0e:8e:bf:0e:69,6,2437,-62,DroneIDTest,wlan,40.317093154954506,2.000000000000000,Airborne,-74.034785069124780,RID,test_3,0.000000000000000,Takeoff,Sim_RID_0DRXSA,123.510000000000005,40.321086706179656,-74.033074126188950,0.049991000000000,,2.000000000000000,Helicopter/Multirotor,0.000000000000000,00:0e:8e:bf:0e:69,DJI,,67.900000000000006,557.149999999999977,M3T,"[""test_1"",""test_2"",""test_3""]",FIN87astrdge12k8,Sim_RID_0DRXSA,"[""66c78dbe411b7b67c46ddc75""]",DroneIDTest,,6aa2ba0f789990eef9e1d77e,1581F5FJC247600D6INE,"[""1581F5FJC247600D6INE""]","[{""id"":""1581F5FJC247600D6INE"",""type"":null,""type_label"":""Unknown""}]",Unknown,0.000000000000000
{C8B1EC4C-568D-D099-6AF0-98CF49B56243},0.000000000000000,1581F5FJC247600D6INE,4.000000000000000,117.105259180068970,,1cz1yvXaTyvd,"[""852a1393fffffff""]",51.799999999999997,RID,1581F5FJC247600D6INE,1cz1yvXaTyvd,852a1393fffffff,,"Aug 06, 2024 19:00:34.115516 UTC",1581F5FJC247600D6INE,2,361.000000,110,80,40.317093154954506,-74.034785069124780,0,2,0,FIN87astrdge12k8,0,Drone ID test flight---,0,20.500000,40.321086706179656,-74.033074126188950,40.317093154954506,-74.034785069124780,00:0e:8e:bf:0e:69,6,2437,-62,DroneIDTest,wlan,40.317093154954506,2.000000000000000,Airborne,-74.034785069124780,RID,test_3,0.000000000000000,Takeoff,Sim_RID_0DRXSA,123.510000000000005,40.321086706179656,-74.033074126188950,0.049991000000000,,2.000000000000000,Helicopter/Multirotor,0.000000000000000,00:0e:8e:bf:0e:69,DJI,,67.900000000000006,557.149999999999977,M3T,"[""test_1"",""test_2"",""test_3""]",FIN87astrdge12k8,Sim_RID_0DRXSA,"[""66c78dbe411b7b67c46ddc75""]",DroneIDTest,,6aa2ba0f789990eef9e1d77e,1581F5FJC247600D6INE,"[""1581F5FJC247600D6INE""]","[{""id"":""1581F5FJC247600D6INE"",""type"":null,""type_label"":""Unknown""}]",Unknown,0.000000000000000
{432B40EE-66AD-E311-F0E8-6DB234424C51},0.000000000000000,1581F5FJC247600D6INE,4.000000000000000,117.105259180068970,,1cz1yvXaTyvd,"[""852a1393fffffff""]",51.799999999999997,RID,1581F5FJC247600D6INE,1cz1yvXaTyvd,852a1393fffffff,,"Aug 06, 2024 19:00:34.115516 UTC",1581F5FJC247600D6INE,2,361.000000,110,80,40.317093154954506,-74.034785069124780,0,2,0,FIN87astrdge12k8,0,Drone ID test flight---,0,20.500000,40.321086706179656,-74.033074126188950,40.317093154954506,-74.034785069124780,00:0e:8e:bf:0e:69,6,2437,-62,DroneIDTest,wlan,40.317093154954506,2.000000000000000,Airborne,-74.034785069124780,RID,test_3,0.000000000000000,Takeoff,Sim_RID_0DRXSA,123.510000000000005,40.321086706179656,-74.033074126188950,0.049991000000000,,2.000000000000000,Helicopter/Multirotor,0.000000000000000,00:0e:8e:bf:0e:69,DJI,,67.900000000000006,557.149999999999977,M3T,"[""test_1"",""test_2"",""test_3""]",FIN87astrdge12k8,Sim_RID_0DRXSA,"[""66c78dbe411b7b67c46ddc75""]",DroneIDTest,,6aa2ba0f789990eef9e1d77e,1581F5FJC247600D6INE,"[""1581F5FJC247600D6INE""]","[{""id"":""1581F5FJC247600D6INE"",""type"":null,""type_label"":""Unknown""}]",Unknown,0.000000000000000
{F855E5F4-1CE5-5470-059F-5AC0F64EFDA2},1.000000000000000,1581F5FJC247600D6INE,4.000000000000000,117.105259180068970,,1cz1yvXaTyvd,"[""852a1393fffffff""]",51.799999999999997,RID,1581F5FJC247600D6INE,1cz1yvXaTyvd,852a1393fffffff,,"Aug 06, 2024 19:00:34.115516 UTC",1581F5FJC247600D6INE,2,361.000000,110,80,40.317093154954506,-74.034785069124780,0,2,0,FIN87astrdge12k8,0,Drone ID test flight---,0,20.500000,40.321086706179656,-74.033074126188950,40.317093154954506,-74.034785069124780,00:0e:8e:bf:0e:69,6,2437,-62,DroneIDTest,wlan,40.317093154954506,2.000000000000000,Airborne,-74.034785069124780,RID,test_3,0.000000000000000,Takeoff,Sim_RID_0DRXSA,123.510000000000005,40.321086706179656,-74.033074126188950,0.049991000000000,,2.000000000000000,Helicopter/Multirotor,0.000000000000000,00:0e:8e:bf:0e:69,DJI,,67.900000000000006,557.149999999999977,M3T,"[""test_1"",""test_2"",""test_3""]",FIN87astrdge12k8,Sim_RID_0DRXSA,"[""66c78dbe411b7b67c46ddc75""]",DroneIDTest,,6aa2ba0f789990eef9e1d77e,1581F5FJC247600D6INE,"[""1581F5FJC247600D6INE""]","[{""id"":""1581F5FJC247600D6INE"",""type"":null,""type_label"":""Unknown""}]",Unknown,0.000000000000000
{CD6A8C67-8B5B-2B69-274C-C932F39B9377},0.000000000000000,1581F5FJC247600DPZQG,4.000000000000000,0.237231969833374,,BTvsCHMBzw9L,"[""852a1393fffffff""]",52.100000000000001,RID,1581F5FJC247600DPZQG,BTvsCHMBzw9L,852a1393fffffff,,"Aug 06, 2024 19:00:34.115516 UTC",1581F5FJC247600DPZQG,2,361.000000,110,80,40.311793886875272,-74.037552835552276,0,2,0,FIN87astrdge12k8,0,Drone ID test flight---,0,20.500000,40.316332803378991,-74.037764444120810,40.311793886875272,-74.037552835552276,00:0e:8e:bf:0e:69,6,2437,-62,DroneIDTest,wlan,40.311793886875272,2.000000000000000,Airborne,-74.037552835552276,RID,test_3,0.000000000000000,Takeoff,Sim_RID_ACPVDL,27.500000000000000,40.316332803378991,-74.037764444120810,0.101982666015625,,2.000000000000000,Helicopter/Multirotor,0.000000000000000,00:0e:8e:bf:0e:69,DJI,,53.899999999999999,27.500000000000000,M3T,"[""test_1"",""test_2"",""test_3""]",FIN87astrdge12k8,Sim_RID_ACPVDL,"[""66c78dbe411b7b67c46ddc75""]",DroneIDTest,,,1581F5FJC247600DPZQG,"[""1581F5FJC247600DPZQG""]","[{""id"":""1581F5FJC247600DPZQG"",""type"":null,""type_label"":""Unknown""}]",Unknown,0.000000000000000
{83C0A54F-2D28-FF67-A8BF-28D2522BC150},0.000000000000000,1581F5FJC247600DPZQG,4.000000000000000,2.216459989547729,,BTvsCHMBzw9L,"[""852a1393fffffff""]",47.200000000000003,RID,1581F5FJC247600DPZQG,BTvsCHMBzw9L,852a1393fffffff,,"Aug 06, 2024 19:00:34.115516 UTC",1581F5FJC247600DPZQG,2,361.000000,110,80,40.311793886875272,-74.037552835552276,0,2,0,FIN87astrdge12k8,0,Drone ID test flight---,0,20.500000,40.316332803378991,-74.037764444120810,40.311761580026349,-74.036977940485897,00:0e:8e:bf:0e:69,6,2437,-62,DroneIDTest,wlan,40.311761580026349,2.000000000000000,Airborne,-74.036977940485897,RID,test_3,0.000000000000000,Takeoff,Sim_RID_ACPVDL,48.880000000000003,40.316332803378991,-74.037764444120810,0.100527343750000,,2.000000000000000,Helicopter/Multirotor,0.000000000000000,00:0e:8e:bf:0e:69,DJI,,53.899999999999999,48.880000000000003,M3T,"[""test_1"",""test_2"",""test_3""]",FIN87astrdge12k8,Sim_RID_ACPVDL,"[""66c78dbe411b7b67c46ddc75""]",DroneIDTest,,,1581F5FJC247600DPZQG,"[""1581F5FJC247600DPZQG""]","[{""id"":""1581F5FJC247600DPZQG"",""type"":null,""type_label"":""Unknown""}]",Unknown,0.000000000000000
{AC7F5FB3-12E7-BD43-1A18-D56F7CF8FD56},0.000000000000000,1581F5FJC247600DPZQG,4.000000000000000,4.186872005462646,,BTvsCHMBzw9L,"[""852a1393fffffff""]",46.500000000000000,RID,1581F5FJC247600DPZQG,BTvsCHMBzw9L,852a1393fffffff,,"Aug 06, 2024 19:00:34.115516 UTC",1581F5FJC247600DPZQG,2,361.000000,110,80,40.311793886875272,-74.037552835552276,0,2,0,FIN87astrdge12k8,0,Drone ID test flight---,0,20.500000,40.316332803378991,-74.037764444120810,40.311641401890370,-74.036460063057234,00:0e:8e:bf:0e:69,6,2437,-62,DroneIDTest,wlan,40.311641401890370,2.000000000000000,Airborne,-74.036460063057234,RID,test_3,0.000000000000000,Takeoff,Sim_RID_ACPVDL,45.899999999999999,40.316332803378991,-74.037764444120810,0.081968505859375,,2.000000000000000,Helicopter/Multirotor,0.000000000000000,00:0e:8e:bf:0e:69,DJI,,53.899999999999999,48.880000000000003,M3T,"[""test_1"",""test_2"",""test_3""]",FIN87astrdge12k8,Sim_RID_ACPVDL,"[""66c78dbe411b7b67c46ddc75""]",DroneIDTest,,,1581F5FJC247600DPZQG,"[""1581F5FJC247600DPZQG""]","[{""id"":""1581F5FJC247600DPZQG"",""type"":null,""type_label"":""Unknown""}]",Unknown,0.000000000000000
{351FF6D2-1761-C676-13BE-64CBBB785636},0.000000000000000,1581F5FJC247600DPZQG,4.000000000000000,6.166649103164673,,BTvsCHMBzw9L,"[""852a1393fffffff""]",45.600000000000001,RID,1581F5FJC247600DPZQG,BTvsCHMBzw9L,852a1393fffffff,,"Aug 06, 2024 19:00:34.115516 UTC",1581F5FJC247600DPZQG,2,361.000000,110,80,40.311793886875272,-74.037552835552276,0,2,0,FIN87astrdge12k8,0,Drone ID test flight---,0,20.500000,40.316332803378991,-74.037764444120810,40.311465627827502,-74.035842583671709,00:0e:8e:bf:0e:69,6,2437,-62,DroneIDTest,wlan,40.311465627827502,2.000000000000000,Airborne,-74.035842583671709,RID,test_3,0.000000000000000,Takeoff,Sim_RID_ACPVDL,55.890000000000001,40.316332803378991,-74.037764444120810,0.101531005859375,,2.000000000000000,Helicopter/Multirotor,0.000000000000000,00:0e:8e:bf:0e:69,DJI,,53.899999999999999,55.890000000000001,M3T,"[""test_1"",""test_2"",""test_3""]",FIN87astrdge12k8,Sim_RID_ACPVDL,"[""66c78dbe411b7b67c46ddc75""]",DroneIDTest,,,1581F5FJC247600DPZQG,"[""1581F5FJC247600DPZQG""]","[{""id"":""1581F5FJC247600DPZQG"",""type"":null,""type_label"":""Unknown""}]",Unknown,0.000000000000000
{124171AA-76AA-1853-4BD3-31313743BEF0},0.000000000000000,1581F5FJC247600DPZQG,4.000000000000000,8.146491050720215,,BTvsCHMBzw9L,"[""852a1393fffffff""]",46.000000000000000,RID,1581F5FJC247600DPZQG,BTvsCHMBzw9L,852a1393fffffff,,"Aug 06, 2024 19:00:34.115516 UTC",1581F5FJC247600DPZQG,2,361.000000,110,80,40.311793886875272,-74.037552835552276,0,2,0,FIN87astrdge12k8,0,Drone ID test flight---,0,20.500000,40.316332803378991,-74.037764444120810,40.311360346665332,-74.035294912387812,00:0e:8e:bf:0e:69,6,2437,-62,DroneIDTest,wlan,40.311360346665332,2.000000000000000,Airborne,-74.035294912387812,RID,test_3,0.000000000000000,Takeoff,Sim_RID_ACPVDL,47.890000000000001,40.316332803378991,-74.037764444120810,0.086991210937500,,2.000000000000000,Helicopter/Multirotor,0.000000000000000,00:0e:8e:bf:0e:69,DJI,,53.899999999999999,55.890000000000001,M3T,"[""test_1"",""test_2"",""test_3""]",FIN87astrdge12k8,Sim_RID_ACPVDL,"[""66c78dbe411b7b67c46ddc75""]",DroneIDTest,,,1581F5FJC247600DPZQG,"[""1581F5FJC247600DPZQG""]","[{""id"":""1581F5FJC247600DPZQG"",""type"":null,""type_label"":""Unknown""}]",Unknown,0.000000000000000
{56FB5EA2-871B-B4B3-72DF-40B3CDBB235D},0.000000000000000,1581F5FJC247600DPZQG,4.000000000000000,10.136826992034912,,BTvsCHMBzw9L,"[""852a1393fffffff""]",49.100000000000001,RID,1581F5FJC247600DPZQG,BTvsCHMBzw9L,852a1393fffffff,,"Aug 06, 2024 19:00:34.115516 UTC",1581F5FJC247600DPZQG,2,361.000000,110,80,40.311793886875272,-74.037552835552276,0,2,0,FIN87astrdge12k8,0,Drone ID test flight---,0,20.500000,40.316332803378991,-74.037764444120810,40.311366893822608,-74.034671476374143,00:0e:8e:bf:0e:69,6,2437,-62,DroneIDTest,wlan,40.311366893822608,2.000000000000000,Airborne,-74.034671476374143,RID,test_3,0.000000000000000,Takeoff,Sim_RID_ACPVDL,52.869999999999997,40.316332803378991,-74.037764444120810,0.103182128906250,,2.000000000000000,Helicopter/Multirotor,0.000000000000000,00:0e:8e:bf:0e:69,DJI,,53.899999999999999,55.890000000000001,M3T,"[""test_1"",""test_2"",""test_3""]",FIN87astrdge12k8,Sim_RID_ACPVDL,"[""66c78dbe411b7b67c46ddc75""]",DroneIDTest,,,1581F5FJC247600DPZQG,"[""1581F5FJC247600DPZQG""]","[{""id"":""1581F5FJC247600DPZQG"",""type"":null,""type_label"":""Unknown""}]",Unknown,0.000000000000000
{EB45A299-155E-0E97-6073-AF18F76C6A06},0.000000000000000,1581F5FJC247600DPZQG,4.000000000000000,12.116712093353271,,BTvsCHMBzw9L,"[""852a1393fffffff""]",52.000000000000000,RID,1581F5FJC247600DPZQG,BTvsCHMBzw9L,852a1393fffffff,,"Aug 06, 2024 19:00:34.115516 UTC",1581F5FJC247600DPZQG,2,361.000000,110,80,40.311793886875272,-74.037552835552276,0,2,0,FIN87astrdge12k8,0,Drone ID test flight---,0,20.500000,40.316332803378991,-74.037764444120810,40.311517279427548,-74.034167245703273,00:0e:8e:bf:0e:69,6,2437,-62,DroneIDTest,wlan,40.311517279427548,2.000000000000000,Airborne,-74.034167245703273,RID,test_3,0.000000000000000,Takeoff,Sim_RID_ACPVDL,45.909999999999997,40.316332803378991,-74.037764444120810,0.056802490234375,,2.000000000000000,Helicopter/Multirotor,0.000000000000000,00:0e:8e:bf:0e:69,DJI,,53.899999999999999,55.890000000000001,M3T,"[""test_1"",""test_2"",""test_3""]",FIN87astrdge12k8,Sim_RID_ACPVDL,"[""66c78dbe411b7b67c46ddc75""]",DroneIDTest,,,1581F5FJC247600DPZQG,"[""1581F5FJC247600DPZQG""]","[{""id"":""1581F5FJC247600DPZQG"",""type"":null,""type_label"":""Unknown""}]",Unknown,0.000000000000000
{468B01CC-3E81-A224-5AC6-887D24BAC1D9},0.000000000000000,1581F5FJC247600DPZQG,4.000000000000000,14.086992025375366,,BTvsCHMBzw9L,"[""852a1393fffffff""]",57.399999999999999,RID,1581F5FJC247600DPZQG,BTvsCHMBzw9L,852a1393fffffff,,"Aug 06, 2024 19:00:34.115516 UTC",1581F5FJC247600DPZQG,2,361.000000,110,80,40.311793886875272,-74.037552835552276,0,2,0,FIN87astrdge12k8,0,Drone ID test flight---,0,20.500000,40.316332803378991,-74.037764444120810,40.311850931367680,-74.033705082881283,00:0e:8e:bf:0e:69,6,2437,-62,DroneIDTest,wlan,40.311850931367680,2.000000000000000,Airborne,-74.033705082881283,RID,test_3,0.000000000000000,Takeoff,Sim_RID_ACPVDL,53.960000000000001,40.316332803378991,-74.037764444120810,0.103649169921875,,2.000000000000000,Helicopter/Multirotor,0.000000000000000,00:0e:8e:bf:0e:69,DJI,,57.399999999999999,55.890000000000001,M3T,"[""test_1"",""test_2"",""test_3""]",FIN87astrdge12k8,Sim_RID_ACPVDL,"[""66c78dbe411b7b67c46ddc75""]",DroneIDTest,,,1581F5FJC247600DPZQG,"[""1581F5FJC247600DPZQG""]","[{""id"":""1581F5FJC247600DPZQG"",""type"":null,""type_label"":""Unknown""}]",Unknown,0.000000000000000
{C9FA4DBC-936D-E4FE-C24D-BD0072118793},0.000000000000000,1581F5FJC247600DPZQG,4.000000000000000,15.965250968933105,,BTvsCHMBzw9L,"[""852a1393fffffff""]",58.600000000000001,RID,1581F5FJC247600DPZQG,BTvsCHMBzw9L,852a1393fffffff,,"Aug 06, 2024 19:00:34.115516 UTC",1581F5FJC247600DPZQG,2,361.000000,110,80,40.311793886875272,-74.037552835552276,0,2,0,FIN87astrdge12k8,0,Drone ID test flight---,0,20.500000,40.316332803378991,-74.037764444120810,40.312306280327000,-74.033395512905543,00:0e:8e:bf:0e:69,6,2437,-62,DroneIDTest,wlan,40.312306280327000,2.000000000000000,Airborne,-74.033395512905543,RID,test_1,0.000000000000000,Takeoff,Sim_RID_ACPVDL,57.030000000000001,40.316332803378991,-74.037764444120810,0.175286132812500,,2.000000000000000,Helicopter/Multirotor,0.000000000000000,00:0e:8e:bf:0e:69,DJI,,58.600000000000001,57.030000000000001,M3T,"[""test_1"",""test_2"",""test_3""]",FIN87astrdge12k8,Sim_RID_ACPVDL,"[""66c78dbe411b7b67c46ddc75""]",DroneIDTest,,,1581F5FJC247600DPZQG,"[""1581F5FJC247600DPZQG""]","[{""id"":""1581F5FJC247600DPZQG"",""type"":null,""type_label"":""Unknown""}]",Unknown,0.000000000000000
{9446F17C-8614-483A-5C4F-DF509FDCD03C},0.000000000000000,1581F5FJC247600DPZQG,4.000000000000000,16.076478958129883,,BTvsCHMBzw9L,"[""852a1393fffffff""]",58.600000000000001,RID,1581F5FJC247600DPZQG,BTvsCHMBzw9L,852a1393fffffff,,"Aug 06, 2024 19:00:34.115516 UTC",1581F5FJC247600DPZQG,2,361.000000,110,80,40.311793886875272,-74.037552835552276,0,2,0,FIN87astrdge12k8,0,Drone ID test flight---,0,20.500000,40.316332803378991,-74.037764444120810,40.312306280327000,-74.033395512905543,00:0e:8e:bf:0e:69,6,2437,-62,DroneIDTest,wlan,40.312306280327000,2.000000000000000,Airborne,-74.033395512905543,RID,test_3,0.000000000000000,Takeoff,Sim_RID_ACPVDL,57.030000000000001,40.316332803378991,-74.037764444120810,0.127477294921875,,2.000000000000000,Helicopter/Multirotor,0.000000000000000,00:0e:8e:bf:0e:69,DJI,,60.100000000000001,57.030000000000001,M3T,"[""test_1"",""test_2"",""test_3""]",FIN87astrdge12k8,Sim_RID_ACPVDL,"[""66c78dbe411b7b67c46ddc75""]",DroneIDTest,,,1581F5FJC247600DPZQG,"[""1581F5FJC247600DPZQG""]","[{""id"":""1581F5FJC247600DPZQG"",""type"":null,""type_label"":""Unknown""}]",Unknown,0.000000000000000
{4B4FD27C-B2CD-DD70-2617-0A5BF633342E},0.000000000000000,1581F5FJC247600DPZQG,4.000000000000000,18.056777000427246,,BTvsCHMBzw9L,"[""852a1393fffffff""]",56.000000000000000,RID,1581F5FJC247600DPZQG,BTvsCHMBzw9L,852a1393fffffff,,"Aug 06, 2024 19:00:34.115516 UTC",1581F5FJC247600DPZQG,2,361.000000,110,80,40.311793886875272,-74.037552835552276,0,2,0,FIN87astrdge12k8,0,Drone ID test flight---,0,20.500000,40.316332803378991,-74.037764444120810,40.312313351826532,-74.032866203848343,00:0e:8e:bf:0e:69,6,2437,-62,DroneIDTest,wlan,40.312313351826532,2.000000000000000,Airborne,-74.032866203848343,RID,test_3,0.000000000000000,Takeoff,Sim_RID_ACPVDL,44.890000000000001,40.316332803378991,-74.037764444120810,0.076794189453125,,2.000000000000000,Helicopter/Multirotor,0.000000000000000,00:0e:8e:bf:0e:69,DJI,,60.100000000000001,57.030000000000001,M3T,"[""test_1"",""test_2"",""test_3""]",FIN87astrdge12k8,Sim_RID_ACPVDL,"[""66c78dbe411b7b67c46ddc75""]",DroneIDTest,,,1581F5FJC247600DPZQG,"[""1581F5FJC247600DPZQG""]","[{""id"":""1581F5FJC247600DPZQG"",""type"":null,""type_label"":""Unknown""}]",Unknown,0.000000000000000
{B41B06AF-D023-CBDB-7831-B114D90226EB},0.000000000000000,1581F5FJC247600DPZQG,4.000000000000000,20.026952028274536,,BTvsCHMBzw9L,"[""852a1393fffffff""]",56.399999999999999,RID,1581F5FJC247600DPZQG,BTvsCHMBzw9L,852a1393fffffff,,"Aug 06, 2024 19:00:34.115516 UTC",1581F5FJC247600DPZQG,2,361.000000,110,80,40.311793886875272,-74.037552835552276,0,2,0,FIN87astrdge12k8,0,Drone ID test flight---,0,20.500000,40.316332803378991,-74.037764444120810,40.312236023972289,-74.032346541134842,00:0e:8e:bf:0e:69,6,2437,-62,DroneIDTest,wlan,40.312236023972289,2.000000000000000,Airborne,-74.032346541134842,RID,test_3,0.000000000000000,Takeoff,Sim_RID_ACPVDL,44.890000000000001,40.316332803378991,-74.037764444120810,0.086616699218750,,2.000000000000000,Helicopter/Multirotor,0.000000000000000,00:0e:8e:bf:0e:69,DJI,,60.100000000000001,57.030000000000001,M3T,"[""test_1"",""test_2"",""test_3""]",FIN87astrdge12k8,Sim_RID_ACPVDL,"[""66c78dbe411b7b67c46ddc75""]",DroneIDTest,,,1581F5FJC247600DPZQG,"[""1581F5FJC247600DPZQG""]","[{""id"":""1581F5FJC247600DPZQG"",""type"":null,""type_label"":""Unknown""}]",Unknown,0.000000000000000
{ED12E9B5-D154-7DC6-D92F-13A53F328F69},0.000000000000000,1581F5FJC247600DPZQG,4.000000000000000,21.996757030487061,,BTvsCHMBzw9L,"[""852a1393fffffff""]",56.000000000000000,RID,1581F5FJC247600DPZQG,BTvsCHMBzw9L,852a1393fffffff,,"Aug 06, 2024 19:00:34.115516 UTC",1581F5FJC247600DPZQG,2,361.000000,110,80,40.311793886875272,-74.037552835552276,0,2,0,FIN87astrdge12k8,0,Drone ID test flight---,0,20.500000,40.316332803378991,-74.037764444120810,40.312256289738663,-74.031841373569961,00:0e:8e:bf:0e:69,6,2437,-62,DroneIDTest,wlan,40.312256289738663,2.000000000000000,Airborne,-74.031841373569961,RID,test_3,0.000000000000000,Takeoff,Sim_RID_ACPVDL,42.890000000000001,40.316332803378991,-74.037764444120810,0.130617187500000,,2.000000000000000,Helicopter/Multirotor,0.000000000000000,00:0e:8e:bf:0e:69,DJI,,60.100000000000001,57.030000000000001,M3T,"[""test_1"",""test_2"",""test_3""]",FIN87astrdge12k8,Sim_RID_ACPVDL,"[""66c78dbe411b7b67c46ddc75""]",DroneIDTest,,,1581F5FJC247600DPZQG,"[""1581F5FJC247600DPZQG""]","[{""id"":""1581F5FJC247600DPZQG"",""type"":null,""type_label"":""Unknown""}]",Unknown,0.000000000000000
{A35F5C97-4F42-BA81-6988-573A3D1E82E7},0.000000000000000,1581F5FJC247600DPZQG,4.000000000000000,23.977069139480591,,BTvsCHMBzw9L,"[""852a1393fffffff""]",58.799999999999997,RID,1581F5FJC247600DPZQG,BTvsCHMBzw9L,852a1393fffffff,,"Aug 06, 2024 19:00:34.115516 UTC",1581F5FJC247600DPZQG,2,361.000000,110,80,40.311793886875272,-74.037552835552276,0,2,0,FIN87astrdge12k8,0,Drone ID test flight---,0,20.500000,40.316332803378991,-74.037764444120810,40.312192367217641,-74.031247238568199,00:0e:8e:bf:0e:69,6,2437,-62,DroneIDTest,wlan,40.312192367217641,2.000000000000000,Airborne,-74.031247238568199,RID,test_3,0.000000000000000,Takeoff,Sim_RID_ACPVDL,50.880000000000003,40.316332803378991,-74.037764444120810,0.066631103515625,,2.000000000000000,Helicopter/Multirotor,0.000000000000000,00:0e:8e:bf:0e:69,DJI,,60.100000000000001,57.030000000000001,M3T,"[""test_1"",""test_2"",""test_3""]",FIN87astrdge12k8,Sim_RID_ACPVDL,"[""66c78dbe411b7b67c46ddc75""]",DroneIDTest,,,1581F5FJC247600DPZQG,"[""1581F5FJC247600DPZQG""]","[{""id"":""1581F5FJC247600DPZQG"",""type"":null,""type_label"":""Unknown""}]",Unknown,0.000000000000000
{0374E864-3169-5531-BF46-CF03E4A32AC7},0.000000000000000,1581F5FJC247600DPZQG,4.000000000000000,25.946877002716064,,BTvsCHMBzw9L,"[""852a1393fffffff""]",55.299999999999997,RID,1581F5FJC247600DPZQG,BTvsCHMBzw9L,852a1393fffffff,,"Aug 06, 2024 19:00:34.115516 UTC",1581F5FJC247600DPZQG,2,361.000000,110,80,40.311793886875272,-74.037552835552276,0,2,0,FIN87astrdge12k8,0,Drone ID test flight---,0,20.500000,40.316332803378991,-74.037764444120810,40.312145298076928,-74.030662251536370,00:0e:8e:bf:0e:69,6,2437,-62,DroneIDTest,wlan,40.312145298076928,2.000000000000000,Airborne,-74.030662251536370,RID,test_3,0.000000000000000,Takeoff,Sim_RID_ACPVDL,49.880000000000003,40.316332803378991,-74.037764444120810,0.076836914062500,,2.000000000000000,Helicopter/Multirotor,0.000000000000000,00:0e:8e:bf:0e:69,DJI,,60.100000000000001,57.030000000000001,M3T,"[""test_1"",""test_2"",""test_3""]",FIN87astrdge12k8,Sim_RID_ACPVDL,"[""66c78dbe411b7b67c46ddc75""]",DroneIDTest,,,1581F5FJC247600DPZQG,"[""1581F5FJC247600DPZQG""]","[{""id"":""1581F5FJC247600DPZQG"",""type"":null,""type_label"":""Unknown""}]",Unknown,0.000000000000000
{44BAC7B8-4382-0ED2-3B4C-381F7BB20039},0.000000000000000,1581F5FJC247600DPZQG,4.000000000000000,27.916736125946045,,BTvsCHMBzw9L,"[""852a1393fffffff""]",57.000000000000000,RID,1581F5FJC247600DPZQG,BTvsCHMBzw9L,852a1393fffffff,,"Aug 06, 2024 19:00:34.115516 UTC",1581F5FJC247600DPZQG,2,361.000000,110,80,40.311793886875272,-74.037552835552276,0,2,0,FIN87astrdge12k8,0,Drone ID test flight---,0,20.500000,40.316332803378991,-74.037764444120810,40.312152055339197,-74.030156468529484,00:0e:8e:bf:0e:69,6,2437,-62,DroneIDTest,wlan,40.312152055339197,2.000000000000000,Airborne,-74.030156468529484,RID,test_3,0.000000000000000,Takeoff,Sim_RID_ACPVDL,42.890000000000001,40.316332803378991,-74.037764444120810,0.107582763671875,,2.000000000000000,Helicopter/Multirotor,0.000000000000000,00:0e:8e:bf:0e:69,DJI,,60.100000000000001,57.030000000000001,M3T,"[""test_1"",""test_2"",""test_3""]",FIN87astrdge12k8,Sim_RID_ACPVDL,"[""66c78dbe411b7b67c46ddc75""]",DroneIDTest,,,1581F5FJC247600DPZQG,"[""1581F5FJC247600DPZQG""]","[{""id"":""1581F5FJC247600DPZQG"",""type"":null,""type_label"":""Unknown""}]",Unknown,0.000000000000000
{89F21163-346C-A254-09C9-0CD110AE25EF},0.000000000000000,1581F5FJC247600DPZQG,4.000000000000000,29.896497964859009,,BTvsCHMBzw9L,"[""852a1393fffffff""]",53.700000000000003,RID,1581F5FJC247600DPZQG,BTvsCHMBzw9L,852a1393fffffff,,"Aug 06, 2024 19:00:34.115516 UTC",1581F5FJC247600DPZQG,2,361.000000,110,80,40.311793886875272,-74.037552835552276,0,2,0,FIN87astrdge12k8,0,Drone ID test flight---,0,20.500000,40.316332803378991,-74.037764444120810,40.312346190446505,-74.029586869547629,00:0e:8e:bf:0e:69,6,2437,-62,DroneIDTest,wlan,40.312346190446505,2.000000000000000,Airborne,-74.029586869547629,RID,test_3,0.000000000000000,Takeoff,Sim_RID_ACPVDL,52.899999999999999,40.316332803378991,-74.037764444120810,0.102188476562500,,2.000000000000000,Helicopter/Multirotor,0.000000000000000,00:0e:8e:bf:0e:69,DJI,,60.100000000000001,57.030000000000001,M3T,"[""test_1"",""test_2"",""test_3""]",FIN87astrdge12k8,Sim_RID_ACPVDL,"[""66c78dbe411b7b67c46ddc75""]",DroneIDTest,,,1581F5FJC247600DPZQG,"[""1581F5FJC247600DPZQG""]","[{""id"":""1581F5FJC247600DPZQG"",""type"":null,""type_label"":""Unknown""}]",Unknown,0.000000000000000
{FC429409-2844-6CA6-1860-881B442B7AA5},0.000000000000000,1581F5FJC247600DPZQG,4.000000000000000,31.876631021499634,,BTvsCHMBzw9L,"[""852a1393fffffff""]",50.600000000000001,RID,1581F5FJC247600DPZQG,BTvsCHMBzw9L,852a1393fffffff,,"Aug 06, 2024 19:00:34.115516 UTC",1581F5FJC247600DPZQG,2,361.000000,110,80,40.311793886875272,-74.037552835552276,0,2,0,FIN87astrdge12k8,0,Drone ID test flight---,0,20.500000,40.316332803378991,-74.037764444120810,40.312603893392897,-74.029048129740630,00:0e:8e:bf:0e:69,6,2437,-62,DroneIDTest,wlan,40.312603893392897,2.000000000000000,Airborne,-74.029048129740630,RID,test_3,0.000000000000000,Takeoff,Sim_RID_ACPVDL,53.920000000000002,40.316332803378991,-74.037764444120810,0.103132812500000,,2.000000000000000,Helicopter/Multirotor,0.000000000000000,00:0e:8e:bf:0e:69,DJI,,60.100000000000001,57.030000000000001,M3T,"[""test_1"",""test_2"",""test_3""]",FIN87astrdge12k8,Sim_RID_ACPVDL,"[""66c78dbe411b7b67c46ddc75""]",DroneIDTest,,,1581F5FJC247600DPZQG,"[""1581F5FJC247600DPZQG""]","[{""id"":""1581F5FJC247600DPZQG"",""type"":null,""type_label"":""Unknown""}]",Unknown,0.000000000000000
{A0D29A60-5C1C-0684-8EA1-630A3AC4C946},0.000000000000000,1581F5FJC247600DPZQG,4.000000000000000,33.856472969055176,,BTvsCHMBzw9L,"[""852a1393fffffff""]",51.600000000000001,RID,1581F5FJC247600DPZQG,BTvsCHMBzw9L,852a1393fffffff,,"Aug 06, 2024 19:00:34.115516 UTC",1581F5FJC247600DPZQG,2,361.000000,110,80,40.311793886875272,-74.037552835552276,0,2,0,FIN87astrdge12k8,0,Drone ID test flight---,0,20.500000,40.316332803378991,-74.037764444120810,40.312820437612324,-74.028628748616654,00:0e:8e:bf:0e:69,6,2437,-62,DroneIDTest,wlan,40.312820437612324,2.000000000000000,Airborne,-74.028628748616654,RID,test_3,0.000000000000000,Takeoff,Sim_RID_ACPVDL,42.939999999999998,40.316332803378991,-74.037764444120810,0.087026855468750,,2.000000000000000,Helicopter/Multirotor,0.000000000000000,00:0e:8e:bf:0e:69,DJI,,60.100000000000001,57.030000000000001,M3T,"[""test_1"",""test_2"",""test_3""]",FIN87astrdge12k8,Sim_RID_ACPVDL,"[""66c78dbe411b7b67c46ddc75""]",DroneIDTest,,,1581F5FJC247600DPZQG,"[""1581F5FJC247600DPZQG""]","[{""id"":""1581F5FJC247600DPZQG"",""type"":null,""type_label"":""Unknown""}]",Unknown,0.000000000000000
{810FA3AC-68D5-A01C-CBFC-D82AA77A21A8},0.000000000000000,1581F5FJC247600DPZQG,4.000000000000000,35.826878070831299,,BTvsCHMBzw9L,"[""852a1393fffffff""]",54.200000000000003,RID,1581F5FJC247600DPZQG,BTvsCHMBzw9L,852a1393fffffff,,"Aug 06, 2024 19:00:34.115516 UTC",1581F5FJC247600DPZQG,2,361.000000,110,80,40.311793886875272,-74.037552835552276,0,2,0,FIN87astrdge12k8,0,Drone ID test flight---,0,20.500000,40.316332803378991,-74.037764444120810,40.313037127157109,-74.028073197081525,00:0e:8e:bf:0e:69,6,2437,-62,DroneIDTest,wlan,40.313037127157109,2.000000000000000,Airborne,-74.028073197081525,RID,test_3,0.000000000000000,Takeoff,Sim_RID_ACPVDL,52.909999999999997,40.316332803378991,-74.037764444120810,0.120012695312500,,2.000000000000000,Helicopter/Multirotor,0.000000000000000,00:0e:8e:bf:0e:69,DJI,,60.100000000000001,57.030000000000001,M3T,"[""test_1"",""test_2"",""test_3""]",FIN87astrdge12k8,Sim_RID_ACPVDL,"[""66c78dbe411b7b67c46ddc75""]",DroneIDTest,,,1581F5FJC247600DPZQG,"[""1581F5FJC247600DPZQG""]","[{""id"":""1581F5FJC247600DPZQG"",""type"":null,""type_label"":""Unknown""}]",Unknown,0.000000000000000
{F6441B2F-80BB-CDBE-3352-2E4D09139161},0.000000000000000,1581F5FJC247600DPZQG,4.000000000000000,37.796843051910400,,BTvsCHMBzw9L,"[""852a1393fffffff""]",52.899999999999999,RID,1581F5FJC247600DPZQG,BTvsCHMBzw9L,852a1393fffffff,,"Aug 06, 2024 19:00:34.115516 UTC",1581F5FJC247600DPZQG,2,361.000000,110,80,40.311793886875272,-74.037552835552276,0,2,0,FIN87astrdge12k8,0,Drone ID test flight---,0,20.500000,40.316332803378991,-74.037764444120810,40.313262749893546,-74.027619340876257,00:0e:8e:bf:0e:69,6,2437,-62,DroneIDTest,wlan,40.313262749893546,2.000000000000000,Airborne,-74.027619340876257,RID,test_3,0.000000000000000,Takeoff,Sim_RID_ACPVDL,45.939999999999998,40.316332803378991,-74.037764444120810,0.102258300781250,,2.000000000000000,Helicopter/Multirotor,0.000000000000000,00:0e:8e:bf:0e:69,DJI,,60.100000000000001,57.030000000000001,M3T,"[""test_1"",""test_2"",""test_3""]",FIN87astrdge12k8,Sim_RID_ACPVDL,"[""66c78dbe411b7b67c46ddc75""]",DroneIDTest,,,1581F5FJC247600DPZQG,"[""1581F5FJC247600DPZQG""]","[{""id"":""1581F5FJC247600DPZQG"",""type"":null,""type_label"":""Unknown""}]",Unknown,0.000000000000000
{B460BF12-96FA-C7F7-7DAE-98BEC8D4FFD1},0.000000000000000,1581F5FJC247600DPZQG,4.000000000000000,39.776937961578369,,BTvsCHMBzw9L,"[""852a1393fffffff""]",52.100000000000001,RID,1581F5FJC247600DPZQG,BTvsCHMBzw9L,852a1393fffffff,,"Aug 06, 2024 19:00:34.115516 UTC",1581F5FJC247600DPZQG,2,361.000000,110,80,40.311793886875272,-74.037552835552276,0,2,0,FIN87astrdge12k8,0,Drone ID test flight---,0,20.500000,40.316332803378991,-74.037764444120810,40.313449241614336,-74.027096894128675,00:0e:8e:bf:0e:69,6,2437,-62,DroneIDTest,wlan,40.313449241614336,2.000000000000000,Airborne,-74.027096894128675,RID,test_3,0.000000000000000,Takeoff,Sim_RID_ACPVDL,48.909999999999997,40.316332803378991,-74.037764444120810,0.105667236328125,,2.000000000000000,Helicopter/Multirotor,0.000000000000000,00:0e:8e:bf:0e:69,DJI,,60.100000000000001,57.030000000000001,M3T,"[""test_1"",""test_2"",""test_3""]",FIN87astrdge12k8,Sim_RID_ACPVDL,"[""66c78dbe411b7b67c46ddc75""]",DroneIDTest,,,1581F5FJC247600DPZQG,"[""1581F5FJC247600DPZQG""]","[{""id"":""1581F5FJC247600DPZQG"",""type"":null,""type_label"":""Unknown""}]",Unknown,0.000000000000000
{7ABD0370-3A48-AAAD-2080-4B62D1186F0B},0.000000000000000,1581F5FJC247600DPZQG,4.000000000000000,41.756574153900146,,BTvsCHMBzw9L,"[""852a1393fffffff""]",52.100000000000001,RID,1581F5FJC247600DPZQG,BTvsCHMBzw9L,852a1393fffffff,,"Aug 06, 2024 19:00:34.115516 UTC",1581F5FJC247600DPZQG,2,361.000000,110,80,40.311793886875272,-74.037552835552276,0,2,0,FIN87astrdge12k8,0,Drone ID test flight---,0,20.500000,40.316332803378991,-74.037764444120810,40.313671909216595,-74.026572133674023,00:0e:8e:bf:0e:69,6,2437,-62,DroneIDTest,wlan,40.313671909216595,2.000000000000000,Airborne,-74.026572133674023,RID,test_3,0.000000000000000,Takeoff,Sim_RID_ACPVDL,50.920000000000002,40.316332803378991,-74.037764444120810,0.087001708984375,,2.000000000000000,Helicopter/Multirotor,0.000000000000000,00:0e:8e:bf:0e:69,DJI,,60.100000000000001,57.030000000000001,M3T,"[""test_1"",""test_2"",""test_3""]",FIN87astrdge12k8,Sim_RID_ACPVDL,"[""66c78dbe411b7b67c46ddc75""]",DroneIDTest,,,1581F5FJC247600DPZQG,"[""1581F5FJC247600DPZQG""]","[{""id"":""1581F5FJC247600DPZQG"",""type"":null,""type_label"":""Unknown""}]",Unknown,0.000000000000000
{3D8436FA-93E6-30EF-BFC8-86AF41A0CEA3},0.000000000000000,1581F5FJC247600DPZQG,4.000000000000000,43.726784944534302,,BTvsCHMBzw9L,"[""852a1393fffffff""]",50.899999999999999,RID,1581F5FJC247600DPZQG,BTvsCHMBzw9L,852a1393fffffff,,"Aug 06, 2024 19:00:34.115516 UTC",1581F5FJC247600DPZQG,2,361.000000,110,80,40.311793886875272,-74.037552835552276,0,2,0,FIN87astrdge12k8,0,Drone ID test flight---,0,20.500000,40.316332803378991,-74.037764444120810,40.313903822280899,-74.026067926814207,00:0e:8e:bf:0e:69,6,2437,-62,DroneIDTest,wlan,40.313903822280899,2.000000000000000,Airborne,-74.026067926814207,RID,test_3,0.000000000000000,Takeoff,Sim_RID_ACPVDL,49.930000000000000,40.316332803378991,-74.037764444120810,0.106765136718750,,2.000000000000000,Helicopter/Multirotor,0.000000000000000,00:0e:8e:bf:0e:69,DJI,,60.100000000000001,57.030000000000001,M3T,"[""test_1"",""test_2"",""test_3""]",FIN87astrdge12k8,Sim_RID_ACPVDL,"[""66c78dbe411b7b67c46ddc75""]",DroneIDTest,,,1581F5FJC247600DPZQG,"[""1581F5FJC247600DPZQG""]","[{""id"":""1581F5FJC247600DPZQG"",""type"":null,""type_label"":""Unknown""}]",Unknown,0.000000000000000
{254CE7AA-E4A2-E5C7-EA41-F2713C7EF37D},0.000000000000000,1581F5FJC247600DPZQG,4.000000000000000,45.594915151596069,,BTvsCHMBzw9L,"[""852a1393fffffff""]",51.399999999999999,RID,1581F5FJC247600DPZQG,BTvsCHMBzw9L,852a1393fffffff,,"Aug 06, 2024 19:00:34.115516 UTC",1581F5FJC247600DPZQG,2,361.000000,110,80,40.311793886875272,-74.037552835552276,0,2,0,FIN87astrdge12k8,0,Drone ID test flight---,0,20.500000,40.316332803378991,-74.037764444120810,40.314105537688761,-74.025502825881830,00:0e:8e:bf:0e:69,6,2437,-62,DroneIDTest,wlan,40.314105537688761,2.000000000000000,Airborne,-74.025502825881830,RID,test_1,0.000000000000000,Takeoff,Sim_RID_ACPVDL,52.899999999999999,40.316332803378991,-74.037764444120810,0.058156738281250,,2.000000000000000,Helicopter/Multirotor,0.000000000000000,00:0e:8e:bf:0e:69,DJI,,60.100000000000001,57.030000000000001,M3T,"[""test_1"",""test_2"",""test_3""]",FIN87astrdge12k8,Sim_RID_ACPVDL,"[""66c78dbe411b7b67c46ddc75""]",DroneIDTest,,,1581F5FJC247600DPZQG,"[""1581F5FJC247600DPZQG""]","[{""id"":""1581F5FJC247600DPZQG"",""type"":null,""type_label"":""Unknown""}]",Unknown,0.000000000000000
{09D1C6E3-FB96-4439-1081-31AD3CA594D8},0.000000000000000,1581F5FJC247600DPZQG,4.000000000000000,45.706714153289795,,BTvsCHMBzw9L,"[""852a1393fffffff""]",49.600000000000001,RID,1581F5FJC247600DPZQG,BTvsCHMBzw9L,852a1393fffffff,,"Aug 06, 2024 19:00:34.115516 UTC",1581F5FJC247600DPZQG,2,361.000000,110,80,40.311793886875272,-74.037552835552276,0,2,0,FIN87astrdge12k8,0,Drone ID test flight---,0,20.500000,40.316332803378991,-74.037764444120810,40.314105537688761,-74.025502825881830,00:0e:8e:bf:0e:69,6,2437,-62,DroneIDTest,wlan,40.314105537688761,2.000000000000000,Airborne,-74.025502825881830,RID,test_3,0.000000000000000,Takeoff,Sim_RID_ACPVDL,52.899999999999999,40.316332803378991,-74.037764444120810,0.059812988281250,,2.000000000000000,Helicopter/Multirotor,0.000000000000000,00:0e:8e:bf:0e:69,DJI,,60.100000000000001,57.030000000000001,M3T,"[""test_1"",""test_2"",""test_3""]",FIN87astrdge12k8,Sim_RID_ACPVDL,"[""66c78dbe411b7b67c46ddc75""]",DroneIDTest,,,1581F5FJC247600DPZQG,"[""1581F5FJC247600DPZQG""]","[{""id"":""1581F5FJC247600DPZQG"",""type"":null,""type_label"":""Unknown""}]",Unknown,0.000000000000000
{0B77ABC6-BFBF-78E1-BFC7-CD6459A24A5E},0.000000000000000,1581F5FJC247600DPZQG,4.000000000000000,47.696650981903076,,BTvsCHMBzw9L,"[""852a1393fffffff""]",46.299999999999997,RID,1581F5FJC247600DPZQG,BTvsCHMBzw9L,852a1393fffffff,,"Aug 06, 2024 19:00:34.115516 UTC",1581F5FJC247600DPZQG,2,361.000000,110,80,40.311793886875272,-74.037552835552276,0,2,0,FIN87astrdge12k8,0,Drone ID test flight---,0,20.500000,40.316332803378991,-74.037764444120810,40.314275294040222,-74.025048147639126,00:0e:8e:bf:0e:69,6,2437,-62,DroneIDTest,wlan,40.314275294040222,2.000000000000000,Airborne,-74.025048147639126,RID,test_3,0.000000000000000,Takeoff,Sim_RID_ACPVDL,42.920000000000002,40.316332803378991,-74.037764444120810,0.050179931640625,,2.000000000000000,Helicopter/Multirotor,0.000000000000000,00:0e:8e:bf:0e:69,DJI,,60.100000000000001,57.030000000000001,M3T,"[""test_1"",""test_2"",""test_3""]",FIN87astrdge12k8,Sim_RID_ACPVDL,"[""66c78dbe411b7b67c46ddc75""]",DroneIDTest,,,1581F5FJC247600DPZQG,"[""1581F5FJC247600DPZQG""]","[{""id"":""1581F5FJC247600DPZQG"",""type"":null,""type_label"":""Unknown""}]",Unknown,0.000000000000000
{A174CCBE-4C58-0EEE-BE49-2B95A696BC63},0.000000000000000,1581F5FJC247600DPZQG,4.000000000000000,49.666873931884766,,BTvsCHMBzw9L,"[""852a1393fffffff""]",44.399999999999999,RID,1581F5FJC247600DPZQG,BTvsCHMBzw9L,852a1393fffffff,,"Aug 06, 2024 19:00:34.115516 UTC",1581F5FJC247600DPZQG,2,361.000000,110,80,40.311793886875272,-74.037552835552276,0,2,0,FIN87astrdge12k8,0,Drone ID test flight---,0,20.500000,40.316332803378991,-74.037764444120810,40.314552268851472,-74.024511716218925,00:0e:8e:bf:0e:69,6,2437,-62,DroneIDTest,wlan,40.314552268851472,2.000000000000000,Airborne,-74.024511716218925,RID,test_3,0.000000000000000,Takeoff,Sim_RID_ACPVDL,54.930000000000000,40.316332803378991,-74.037764444120810,0.068729248046875,,2.000000000000000,Helicopter/Multirotor,0.000000000000000,00:0e:8e:bf:0e:69,DJI,,60.100000000000001,57.030000000000001,M3T,"[""test_1"",""test_2"",""test_3""]",FIN87astrdge12k8,Sim_RID_ACPVDL,"[""66c78dbe411b7b67c46ddc75""]",DroneIDTest,,,1581F5FJC247600DPZQG,"[""1581F5FJC247600DPZQG""]","[{""id"":""1581F5FJC247600DPZQG"",""type"":null,""type_label"":""Unknown""}]",Unknown,0.000000000000000
{525371C9-F9B5-01C5-703C-C49E439239B9},0.000000000000000,1581F5FJC247600DPZQG,4.000000000000000,51.646528005599976,,BTvsCHMBzw9L,"[""852a1393fffffff""]",45.399999999999999,RID,1581F5FJC247600DPZQG,BTvsCHMBzw9L,852a1393fffffff,,"Aug 06, 2024 19:00:34.115516 UTC",1581F5FJC247600DPZQG,2,361.000000,110,80,40.311793886875272,-74.037552835552276,0,2,0,FIN87astrdge12k8,0,Drone ID test flight---,0,20.500000,40.316332803378991,-74.037764444120810,40.314777294308563,-74.023908998736360,00:0e:8e:bf:0e:69,6,2437,-62,DroneIDTest,wlan,40.314777294308563,2.000000000000000,Airborne,-74.023908998736360,RID,test_3,0.000000000000000,Takeoff,Sim_RID_ACPVDL,56.899999999999999,40.316332803378991,-74.037764444120810,0.060025146484375,,2.000000000000000,Helicopter/Multirotor,0.000000000000000,00:0e:8e:bf:0e:69,DJI,,60.100000000000001,57.030000000000001,M3T,"[""test_1"",""test_2"",""test_3""]",FIN87astrdge12k8,Sim_RID_ACPVDL,"[""66c78dbe411b7b67c46ddc75""]",DroneIDTest,,,1581F5FJC247600DPZQG,"[""1581F5FJC247600DPZQG""]","[{""id"":""1581F5FJC247600DPZQG"",""type"":null,""type_label"":""Unknown""}]",Unknown,0.000000000000000
{7FA1FD4C-545D-C6DB-54E3-97A88B00B11B},0.000000000000000,1581F5FJC247600DPZQG,4.000000000000000,53.636670112609863,,BTvsCHMBzw9L,"[""852a1393fffffff""]",42.700000000000003,RID,1581F5FJC247600DPZQG,BTvsCHMBzw9L,852a1393fffffff,,"Aug 06, 2024 19:00:34.115516 UTC",1581F5FJC247600DPZQG,2,361.000000,110,80,40.311793886875272,-74.037552835552276,0,2,0,FIN87astrdge12k8,0,Drone ID test flight---,0,20.500000,40.316332803378991,-74.037764444120810,40.314808703141651,-74.023322199227465,00:0e:8e:bf:0e:69,6,2437,-62,DroneIDTest,wlan,40.314808703141651,2.000000000000000,Airborne,-74.023322199227465,RID,test_3,0.000000000000000,Takeoff,Sim_RID_ACPVDL,49.869999999999997,40.316332803378991,-74.037764444120810,0.056820556640625,,2.000000000000000,Helicopter/Multirotor,0.000000000000000,00:0e:8e:bf:0e:69,DJI,,60.100000000000001,57.030000000000001,M3T,"[""test_1"",""test_2"",""test_3""]",FIN87astrdge12k8,Sim_RID_ACPVDL,"[""66c78dbe411b7b67c46ddc75""]",DroneIDTest,,,1581F5FJC247600DPZQG,"[""1581F5FJC247600DPZQG""]","[{""id"":""1581F5FJC247600DPZQG"",""type"":null,""type_label"":""Unknown""}]",Unknown,0.000000000000000
{0ED54058-1609-0702-7AD2-177E025801DF},0.000000000000000,1581F5FJC247600DPZQG,4.000000000000000,55.606603145599365,,BTvsCHMBzw9L,"[""852a1393fffffff""]",44.000000000000000,RID,1581F5FJC247600DPZQG,BTvsCHMBzw9L,852a1393fffffff,,"Aug 06, 2024 19:00:34.115516 UTC",1581F5FJC247600DPZQG,2,361.000000,110,80,40.311793886875272,-74.037552835552276,0,2,0,FIN87astrdge12k8,0,Drone ID test flight---,0,20.500000,40.316332803378991,-74.037764444120810,40.314748337774979,-74.022679967199267,00:0e:8e:bf:0e:69,6,2437,-62,DroneIDTest,wlan,40.314748337774979,2.000000000000000,Airborne,-74.022679967199267,RID,test_3,0.000000000000000,Takeoff,Sim_RID_ACPVDL,54.859999999999999,40.316332803378991,-74.037764444120810,0.062658691406250,,2.000000000000000,Helicopter/Multirotor,0.000000000000000,00:0e:8e:bf:0e:69,DJI,,60.100000000000001,57.030000000000001,M3T,"[""test_1"",""test_2"",""test_3""]",FIN87astrdge12k8,Sim_RID_ACPVDL,"[""66c78dbe411b7b67c46ddc75""]",DroneIDTest,,,1581F5FJC247600DPZQG,"[""1581F5FJC247600DPZQG""]","[{""id"":""1581F5FJC247600DPZQG"",""type"":null,""type_label"":""Unknown""}]",Unknown,0.000000000000000
{1EE32244-FEF5-630F-D728-EA59C8CB9DE5},0.000000000000000,1581F5FJC247600DPZQG,4.000000000000000,57.586866140365601,,BTvsCHMBzw9L,"[""852a1393fffffff""]",45.100000000000001,RID,1581F5FJC247600DPZQG,BTvsCHMBzw9L,852a1393fffffff,,"Aug 06, 2024 19:00:34.115516 UTC",1581F5FJC247600DPZQG,2,361.000000,110,80,40.311793886875272,-74.037552835552276,0,2,0,FIN87astrdge12k8,0,Drone ID test flight---,0,20.500000,40.316332803378991,-74.037764444120810,40.314730735399515,-74.022021548988960,00:0e:8e:bf:0e:69,6,2437,-62,DroneIDTest,wlan,40.314730735399515,2.000000000000000,Airborne,-74.022021548988960,RID,test_3,0.000000000000000,Takeoff,Sim_RID_ACPVDL,55.859999999999999,40.316332803378991,-74.037764444120810,0.049212646484375,,2.000000000000000,Helicopter/Multirotor,0.000000000000000,00:0e:8e:bf:0e:69,DJI,,60.100000000000001,57.030000000000001,M3T,"[""test_1"",""test_2"",""test_3""]",FIN87astrdge12k8,Sim_RID_ACPVDL,"[""66c78dbe411b7b67c46ddc75""]",DroneIDTest,,,1581F5FJC247600DPZQG,"[""1581F5FJC247600DPZQG""]","[{""id"":""1581F5FJC247600DPZQG"",""type"":null,""type_label"":""Unknown""}]",Unknown,0.000000000000000
{345AA2D9-2803-0F5E-E3C7-3DC10A2B84A1},0.000000000000000,1581F5FJC247600DPZQG,4.000000000000000,59.556672096252441,,BTvsCHMBzw9L,"[""852a1393fffffff""]",46.399999999999999,RID,1581F5FJC247600DPZQG,BTvsCHMBzw9L,852a1393fffffff,,"Aug 06, 2024 19:00:34.115516 UTC",1581F5FJC247600DPZQG,2,361.000000,110,80,40.311793886875272,-74.037552835552276,0,2,0,FIN87astrdge12k8,0,Drone ID test flight---,0,20.500000,40.316332803378991,-74.037764444120810,40.321087975490912,-74.026558825146751,00:0e:8e:bf:0e:69,6,2437,-62,DroneIDTest,wlan,40.321087975490912,2.000000000000000,Airborne,-74.026558825146751,RID,test_3,0.000000000000000,Takeoff,Sim_RID_ACPVDL,804.779999999999973,40.316332803378991,-74.037764444120810,0.049739746093750,,2.000000000000000,Helicopter/Multirotor,0.000000000000000,00:0e:8e:bf:0e:69,DJI,,60.100000000000001,804.779999999999973,M3T,"[""test_1"",""test_2"",""test_3""]",FIN87astrdge12k8,Sim_RID_ACPVDL,"[""66c78dbe411b7b67c46ddc75""]",DroneIDTest,,,1581F5FJC247600DPZQG,"[""1581F5FJC247600DPZQG""]","[{""id"":""1581F5FJC247600DPZQG"",""type"":null,""type_label"":""Unknown""}]",Unknown,0.000000000000000
{98E7F342-33B7-A806-81AD-DEC00A4771B1},0.000000000000000,1581F5FJC247600DPZQG,4.000000000000000,61.527235031127930,,BTvsCHMBzw9L,"[""852a1393fffffff""]",46.100000000000001,RID,1581F5FJC247600DPZQG,BTvsCHMBzw9L,852a1393fffffff,,"Aug 06, 2024 19:00:34.115516 UTC",1581F5FJC247600DPZQG,2,361.000000,110,80,40.311793886875272,-74.037552835552276,0,2,0,FIN87astrdge12k8,0,Drone ID test flight---,0,20.500000,40.316332803378991,-74.037764444120810,40.320692399957572,-74.026948266763469,00:0e:8e:bf:0e:69,6,2437,-62,DroneIDTest,wlan,40.320692399957572,2.000000000000000,Airborne,-74.026948266763469,RID,test_3,0.000000000000000,Takeoff,Sim_RID_ACPVDL,55.000000000000000,40.316332803378991,-74.037764444120810,0.049596923828125,,2.000000000000000,Helicopter/Multirotor,0.000000000000000,00:0e:8e:bf:0e:69,DJI,,60.100000000000001,804.779999999999973,M3T,"[""test_1"",""test_2"",""test_3""]",FIN87astrdge12k8,Sim_RID_ACPVDL,"[""66c78dbe411b7b67c46ddc75""]",DroneIDTest,,,1581F5FJC247600DPZQG,"[""1581F5FJC247600DPZQG""]","[{""id"":""1581F5FJC247600DPZQG"",""type"":null,""type_label"":""Unknown""}]",Unknown,0.000000000000000
{7D564BFC-E12B-ABA7-67C7-1468F837CB0F},0.000000000000000,1581F5FJC247600DPZQG,4.000000000000000,63.496670007705688,,BTvsCHMBzw9L,"[""852a1393fffffff""]",46.700000000000003,RID,1581F5FJC247600DPZQG,BTvsCHMBzw9L,852a1393fffffff,,"Aug 06, 2024 19:00:34.115516 UTC",1581F5FJC247600DPZQG,2,361.000000,110,80,40.311793886875272,-74.037552835552276,0,2,0,FIN87astrdge12k8,0,Drone ID test flight---,0,20.500000,40.316332803378991,-74.037764444120810,40.320304164185153,-74.027290387306195,00:0e:8e:bf:0e:69,6,2437,-62,DroneIDTest,wlan,40.320304164185153,2.000000000000000,Airborne,-74.027290387306195,RID,test_3,0.000000000000000,Takeoff,Sim_RID_ACPVDL,52.009999999999998,40.316332803378991,-74.037764444120810,0.104250732421875,,2.000000000000000,Helicopter/Multirotor,0.000000000000000,00:0e:8e:bf:0e:69,DJI,,60.100000000000001,804.779999999999973,M3T,"[""test_1"",""test_2"",""test_3""]",FIN87astrdge12k8,Sim_RID_ACPVDL,"[""66c78dbe411b7b67c46ddc75""]",DroneIDTest,,,1581F5FJC247600DPZQG,"[""1581F5FJC247600DPZQG""]","[{""id"":""1581F5FJC247600DPZQG"",""type"":null,""type_label"":""Unknown""}]",Unknown,0.000000000000000
{29187D69-74FD-2058-64D5-5DDF58F9A541},0.000000000000000,1581F5FJC247600DPZQG,4.000000000000000,65.466890096664429,,BTvsCHMBzw9L,"[""852a1393fffffff""]",46.899999999999999,RID,1581F5FJC247600DPZQG,BTvsCHMBzw9L,852a1393fffffff,,"Aug 06, 2024 19:00:34.115516 UTC",1581F5FJC247600DPZQG,2,361.000000,110,80,40.311793886875272,-74.037552835552276,0,2,0,FIN87astrdge12k8,0,Drone ID test flight---,0,20.500000,40.316332803378991,-74.037764444120810,40.319895016959507,-74.027506352136712,00:0e:8e:bf:0e:69,6,2437,-62,DroneIDTest,wlan,40.319895016959507,2.000000000000000,Airborne,-74.027506352136712,RID,test_3,0.000000000000000,Takeoff,Sim_RID_ACPVDL,49.039999999999999,40.316332803378991,-74.037764444120810,0.059816650390625,,2.000000000000000,Helicopter/Multirotor,0.000000000000000,00:0e:8e:bf:0e:69,DJI,,60.100000000000001,804.779999999999973,M3T,"[""test_1"",""test_2"",""test_3""]",FIN87astrdge12k8,Sim_RID_ACPVDL,"[""66c78dbe411b7b67c46ddc75""]",DroneIDTest,,,1581F5FJC247600DPZQG,"[""1581F5FJC247600DPZQG""]","[{""id"":""1581F5FJC247600DPZQG"",""type"":null,""type_label"":""Unknown""}]",Unknown,0.000000000000000
{F6116C65-8345-CCAF-D13C-6D8EACBCB081},0.000000000000000,1581F5FJC247600DPZQG,4.000000000000000,67.457109928131104,,BTvsCHMBzw9L,"[""852a1393fffffff""]",46.799999999999997,RID,1581F5FJC247600DPZQG,BTvsCHMBzw9L,852a1393fffffff,,"Aug 06, 2024 19:00:34.115516 UTC",1581F5FJC247600DPZQG,2,361.000000,110,80,40.311793886875272,-74.037552835552276,0,2,0,FIN87astrdge12k8,0,Drone ID test flight---,0,20.500000,40.316332803378991,-74.037764444120810,40.319551853403787,-74.027765192510145,00:0e:8e:bf:0e:69,6,2437,-62,DroneIDTest,wlan,40.319551853403787,2.000000000000000,Airborne,-74.027765192510145,RID,test_3,0.000000000000000,Takeoff,Sim_RID_ACPVDL,44.020000000000003,40.316332803378991,-74.037764444120810,0.059617675781250,,2.000000000000000,Helicopter/Multirotor,0.000000000000000,00:0e:8e:bf:0e:69,DJI,,60.100000000000001,804.779999999999973,M3T,"[""test_1"",""test_2"",""test_3""]",FIN87astrdge12k8,Sim_RID_ACPVDL,"[""66c78dbe411b7b67c46ddc75""]",DroneIDTest,,,1581F5FJC247600DPZQG,"[""1581F5FJC247600DPZQG""]","[{""id"":""1581F5FJC247600DPZQG"",""type"":null,""type_label"":""Unknown""}]",Unknown,0.000000000000000
{15B2616F-6DE5-4A92-F78B-E78D4E616634},0.000000000000000,1581F5FJC247600DPZQG,4.000000000000000,69.436835050582886,,BTvsCHMBzw9L,"[""852a1393fffffff""]",46.899999999999999,RID,1581F5FJC247600DPZQG,BTvsCHMBzw9L,852a1393fffffff,,"Aug 06, 2024 19:00:34.115516 UTC",1581F5FJC247600DPZQG,2,361.000000,110,80,40.311793886875272,-74.037552835552276,0,2,0,FIN87astrdge12k8,0,Drone ID test flight---,0,20.500000,40.316332803378991,-74.037764444120810,40.319151135705368,-74.028145546646925,00:0e:8e:bf:0e:69,6,2437,-62,DroneIDTest,wlan,40.319151135705368,2.000000000000000,Airborne,-74.028145546646925,RID,test_3,0.000000000000000,Takeoff,Sim_RID_ACPVDL,55.000000000000000,40.316332803378991,-74.037764444120810,0.059650146484375,,2.000000000000000,Helicopter/Multirotor,0.000000000000000,00:0e:8e:bf:0e:69,DJI,,60.100000000000001,804.779999999999973,M3T,"[""test_1"",""test_2"",""test_3""]",FIN87astrdge12k8,Sim_RID_ACPVDL,"[""66c78dbe411b7b67c46ddc75""]",DroneIDTest,,,1581F5FJC247600DPZQG,"[""1581F5FJC247600DPZQG""]","[{""id"":""1581F5FJC247600DPZQG"",""type"":null,""type_label"":""Unknown""}]",Unknown,0.000000000000000
{2C6A9C76-509D-C486-A3ED-AB3DDA17DBDD},0.000000000000000,1581F5FJC247600DPZQG,4.000000000000000,71.416685104370117,,BTvsCHMBzw9L,"[""852a1393fffffff""]",48.000000000000000,RID,1581F5FJC247600DPZQG,BTvsCHMBzw9L,852a1393fffffff,,"Aug 06, 2024 19:00:34.115516 UTC",1581F5FJC247600DPZQG,2,361.000000,110,80,40.311793886875272,-74.037552835552276,0,2,0,FIN87astrdge12k8,0,Drone ID test flight---,0,20.500000,40.316332803378991,-74.037764444120810,40.318743038572990,-74.028394158836321,00:0e:8e:bf:0e:69,6,2437,-62,DroneIDTest,wlan,40.318743038572990,2.000000000000000,Airborne,-74.028394158836321,RID,test_3,0.000000000000000,Takeoff,Sim_RID_ACPVDL,50.030000000000001,40.316332803378991,-74.037764444120810,0.102474365234375,,2.000000000000000,Helicopter/Multirotor,0.000000000000000,00:0e:8e:bf:0e:69,DJI,,60.100000000000001,804.779999999999973,M3T,"[""test_1"",""test_2"",""test_3""]",FIN87astrdge12k8,Sim_RID_ACPVDL,"[""66c78dbe411b7b67c46ddc75""]",DroneIDTest,,,1581F5FJC247600DPZQG,"[""1581F5FJC247600DPZQG""]","[{""id"":""1581F5FJC247600DPZQG"",""type"":null,""type_label"":""Unknown""}]",Unknown,0.000000000000000
{71145CE3-40C1-F14E-A475-13646C49CF1D},0.000000000000000,1581F5FJC247600DPZQG,4.000000000000000,73.386882066726685,,BTvsCHMBzw9L,"[""852a1393fffffff""]",50.700000000000003,RID,1581F5FJC247600DPZQG,BTvsCHMBzw9L,852a1393fffffff,,"Aug 06, 2024 19:00:34.115516 UTC",1581F5FJC247600DPZQG,2,361.000000,110,80,40.311793886875272,-74.037552835552276,0,2,0,FIN87astrdge12k8,0,Drone ID test flight---,0,20.500000,40.316332803378991,-74.037764444120810,40.318342241186564,-74.028605711374766,00:0e:8e:bf:0e:69,6,2437,-62,DroneIDTest,wlan,40.318342241186564,2.000000000000000,Airborne,-74.028605711374766,RID,test_3,0.000000000000000,Takeoff,Sim_RID_ACPVDL,48.039999999999999,40.316332803378991,-74.037764444120810,0.082757568359375,,2.000000000000000,Helicopter/Multirotor,0.000000000000000,00:0e:8e:bf:0e:69,DJI,,60.100000000000001,804.779999999999973,M3T,"[""test_1"",""test_2"",""test_3""]",FIN87astrdge12k8,Sim_RID_ACPVDL,"[""66c78dbe411b7b67c46ddc75""]",DroneIDTest,,,1581F5FJC247600DPZQG,"[""1581F5FJC247600DPZQG""]","[{""id"":""1581F5FJC247600DPZQG"",""type"":null,""type_label"":""Unknown""}]",Unknown,0.000000000000000
{5DC9006C-0FD8-7009-55B0-8B276F4AB353},0.000000000000000,1581F5FJC247600DPZQG,4.000000000000000,75.366703987121582,,BTvsCHMBzw9L,"[""852a1393fffffff""]",51.500000000000000,RID,1581F5FJC247600DPZQG,BTvsCHMBzw9L,852a1393fffffff,,"Aug 06, 2024 19:00:34.115516 UTC",1581F5FJC247600DPZQG,2,361.000000,110,80,40.311793886875272,-74.037552835552276,0,2,0,FIN87astrdge12k8,0,Drone ID test flight---,0,20.500000,40.316332803378991,-74.037764444120810,40.317957082191590,-74.028862093132588,00:0e:8e:bf:0e:69,6,2437,-62,DroneIDTest,wlan,40.317957082191590,2.000000000000000,Airborne,-74.028862093132588,RID,test_3,0.000000000000000,Takeoff,Sim_RID_ACPVDL,48.030000000000001,40.316332803378991,-74.037764444120810,0.096848632812500,,2.000000000000000,Helicopter/Multirotor,0.000000000000000,00:0e:8e:bf:0e:69,DJI,,60.100000000000001,804.779999999999973,M3T,"[""test_1"",""test_2"",""test_3""]",FIN87astrdge12k8,Sim_RID_ACPVDL,"[""66c78dbe411b7b67c46ddc75""]",DroneIDTest,,,1581F5FJC247600DPZQG,"[""1581F5FJC247600DPZQG""]","[{""id"":""1581F5FJC247600DPZQG"",""type"":null,""type_label"":""Unknown""}]",Unknown,0.000000000000000
{0476787F-3E26-93F4-C836-AF1B48827B6A},0.000000000000000,1581F5FJC247600DPZQG,4.000000000000000,77.287461042404175,,BTvsCHMBzw9L,"[""852a1393fffffff""]",53.000000000000000,RID,1581F5FJC247600DPZQG,BTvsCHMBzw9L,852a1393fffffff,,"Aug 06, 2024 19:00:34.115516 UTC",1581F5FJC247600DPZQG,2,361.000000,110,80,40.311793886875272,-74.037552835552276,0,2,0,FIN87astrdge12k8,0,Drone ID test flight---,0,20.500000,40.316332803378991,-74.037764444120810,40.317554314144836,-74.029258597148072,00:0e:8e:bf:0e:69,6,2437,-62,DroneIDTest,wlan,40.317554314144836,2.000000000000000,Airborne,-74.029258597148072,RID,test_2,0.000000000000000,Takeoff,Sim_RID_ACPVDL,56.000000000000000,40.316332803378991,-74.037764444120810,0.082218017578125,,2.000000000000000,Helicopter/Multirotor,0.000000000000000,00:0e:8e:bf:0e:69,DJI,,60.100000000000001,804.779999999999973,M3T,"[""test_1"",""test_2"",""test_3""]",FIN87astrdge12k8,Sim_RID_ACPVDL,"[""66c78dbe411b7b67c46ddc75""]",DroneIDTest,,,1581F5FJC247600DPZQG,"[""1581F5FJC247600DPZQG""]","[{""id"":""1581F5FJC247600DPZQG"",""type"":null,""type_label"":""Unknown""}]",Unknown,0.000000000000000
{77C61175-4004-84A6-425B-C99B28BD886F},0.000000000000000,1581F5FJC247600DPZQG,4.000000000000000,77.346539020538330,,BTvsCHMBzw9L,"[""852a1393fffffff""]",53.399999999999999,RID,1581F5FJC247600DPZQG,BTvsCHMBzw9L,852a1393fffffff,,"Aug 06, 2024 19:00:34.115516 UTC",1581F5FJC247600DPZQG,2,361.000000,110,80,40.311793886875272,-74.037552835552276,0,2,0,FIN87astrdge12k8,0,Drone ID test flight---,0,20.500000,40.316332803378991,-74.037764444120810,40.317554314144836,-74.029258597148072,00:0e:8e:bf:0e:69,6,2437,-62,DroneIDTest,wlan,40.317554314144836,2.000000000000000,Airborne,-74.029258597148072,RID,test_3,0.000000000000000,Takeoff,Sim_RID_ACPVDL,56.000000000000000,40.316332803378991,-74.037764444120810,0.067127197265625,,2.000000000000000,Helicopter/Multirotor,0.000000000000000,00:0e:8e:bf:0e:69,DJI,,60.100000000000001,804.779999999999973,M3T,"[""test_1"",""test_2"",""test_3""]",FIN87astrdge12k8,Sim_RID_ACPVDL,"[""66c78dbe411b7b67c46ddc75""]",DroneIDTest,,,1581F5FJC247600DPZQG,"[""1581F5FJC247600DPZQG""]","[{""id"":""1581F5FJC247600DPZQG"",""type"":null,""type_label"":""Unknown""}]",Unknown,0.000000000000000
{BF334644-5BA9-8EB9-BE19-AE6D6A95046B},0.000000000000000,1581F5FJC247600DPZQG,4.000000000000000,79.326671123504639,,BTvsCHMBzw9L,"[""852a1393fffffff""]",51.200000000000003,RID,1581F5FJC247600DPZQG,BTvsCHMBzw9L,852a1393fffffff,,"Aug 06, 2024 19:00:34.115516 UTC",1581F5FJC247600DPZQG,2,361.000000,110,80,40.311793886875272,-74.037552835552276,0,2,0,FIN87astrdge12k8,0,Drone ID test flight---,0,20.500000,40.316332803378991,-74.037764444120810,40.317195552085842,-74.029529193586058,00:0e:8e:bf:0e:69,6,2437,-62,DroneIDTest,wlan,40.317195552085842,2.000000000000000,Airborne,-74.029529193586058,RID,test_3,0.000000000000000,Takeoff,Sim_RID_ACPVDL,46.020000000000003,40.316332803378991,-74.037764444120810,0.073000732421875,,2.000000000000000,Helicopter/Multirotor,0.000000000000000,00:0e:8e:bf:0e:69,DJI,,60.100000000000001,804.779999999999973,M3T,"[""test_1"",""test_2"",""test_3""]",FIN87astrdge12k8,Sim_RID_ACPVDL,"[""66c78dbe411b7b67c46ddc75""]",DroneIDTest,,,1581F5FJC247600DPZQG,"[""1581F5FJC247600DPZQG""]","[{""id"":""1581F5FJC247600DPZQG"",""type"":null,""type_label"":""Unknown""}]",Unknown,0.000000000000000
{ADF63E11-7C38-AB1F-FC5B-8A90F09E0E54},0.000000000000000,1581F5FJC247600DPZQG,4.000000000000000,81.296627044677734,,BTvsCHMBzw9L,"[""852a1393fffffff""]",51.600000000000001,RID,1581F5FJC247600DPZQG,BTvsCHMBzw9L,852a1393fffffff,,"Aug 06, 2024 19:00:34.115516 UTC",1581F5FJC247600DPZQG,2,361.000000,110,80,40.311793886875272,-74.037552835552276,0,2,0,FIN87astrdge12k8,0,Drone ID test flight---,0,20.500000,40.316332803378991,-74.037764444120810,40.316840721922993,-74.029891356477691,00:0e:8e:bf:0e:69,6,2437,-62,DroneIDTest,wlan,40.316840721922993,2.000000000000000,Airborne,-74.029891356477691,RID,test_3,0.000000000000000,Takeoff,Sim_RID_ACPVDL,50.000000000000000,40.316332803378991,-74.037764444120810,0.102993896484375,,2.000000000000000,Helicopter/Multirotor,0.000000000000000,00:0e:8e:bf:0e:69,DJI,,60.100000000000001,804.779999999999973,M3T,"[""test_1"",""test_2"",""test_3""]",FIN87astrdge12k8,Sim_RID_ACPVDL,"[""66c78dbe411b7b67c46ddc75""]",DroneIDTest,,,1581F5FJC247600DPZQG,"[""1581F5FJC247600DPZQG""]","[{""id"":""1581F5FJC247600DPZQG"",""type"":null,""type_label"":""Unknown""}]",Unknown,0.000000000000000
{2C9D8300-0E10-C045-62C3-9F2CAAD41EAF},0.000000000000000,1581F5FJC247600DPZQG,4.000000000000000,83.276791095733643,,BTvsCHMBzw9L,"[""852a1393fffffff""]",54.500000000000000,RID,1581F5FJC247600DPZQG,BTvsCHMBzw9L,852a1393fffffff,,"Aug 06, 2024 19:00:34.115516 UTC",1581F5FJC247600DPZQG,2,361.000000,110,80,40.311793886875272,-74.037552835552276,0,2,0,FIN87astrdge12k8,0,Drone ID test flight---,0,20.500000,40.316332803378991,-74.037764444120810,40.316396457104339,-74.030149758661381,00:0e:8e:bf:0e:69,6,2437,-62,DroneIDTest,wlan,40.316396457104339,2.000000000000000,Airborne,-74.030149758661381,RID,test_3,0.000000000000000,Takeoff,Sim_RID_ACPVDL,54.039999999999999,40.316332803378991,-74.037764444120810,0.103036376953125,,2.000000000000000,Helicopter/Multirotor,0.000000000000000,00:0e:8e:bf:0e:69,DJI,,60.100000000000001,804.779999999999973,M3T,"[""test_1"",""test_2"",""test_3""]",FIN87astrdge12k8,Sim_RID_ACPVDL,"[""66c78dbe411b7b67c46ddc75""]",DroneIDTest,,,1581F5FJC247600DPZQG,"[""1581F5FJC247600DPZQG""]","[{""id"":""1581F5FJC247600DPZQG"",""type"":null,""type_label"":""Unknown""}]",Unknown,0.000000000000000
{440EBF2C-B36F-D9E4-1F16-9587EB214D93},0.000000000000000,1581F5FJC247600DPZQG,4.000000000000000,85.256617069244385,,BTvsCHMBzw9L,"[""852a1393fffffff""]",52.600000000000001,RID,1581F5FJC247600DPZQG,BTvsCHMBzw9L,852a1393fffffff,,"Aug 06, 2024 19:00:34.115516 UTC",1581F5FJC247600DPZQG,2,361.000000,110,80,40.311793886875272,-74.037552835552276,0,2,0,FIN87astrdge12k8,0,Drone ID test flight---,0,20.500000,40.316332803378991,-74.037764444120810,40.316029867683085,-74.030449011112410,00:0e:8e:bf:0e:69,6,2437,-62,DroneIDTest,wlan,40.316029867683085,2.000000000000000,Airborne,-74.030449011112410,RID,test_3,0.000000000000000,Takeoff,Sim_RID_ACPVDL,48.009999999999998,40.316332803378991,-74.037764444120810,0.102549316406250,,2.000000000000000,Helicopter/Multirotor,0.000000000000000,00:0e:8e:bf:0e:69,DJI,,60.100000000000001,804.779999999999973,M3T,"[""test_1"",""test_2"",""test_3""]",FIN87astrdge12k8,Sim_RID_ACPVDL,"[""66c78dbe411b7b67c46ddc75""]",DroneIDTest,,,1581F5FJC247600DPZQG,"[""1581F5FJC247600DPZQG""]","[{""id"":""1581F5FJC247600DPZQG"",""type"":null,""type_label"":""Unknown""}]",Unknown,0.000000000000000
{6E373727-BCAB-D7FC-9B77-7855CC207B6F},0.000000000000000,1581F5FJC247600DPZQG,4.000000000000000,87.236824989318848,,BTvsCHMBzw9L,"[""852a1393fffffff""]",51.600000000000001,RID,1581F5FJC247600DPZQG,BTvsCHMBzw9L,852a1393fffffff,,"Aug 06, 2024 19:00:34.115516 UTC",1581F5FJC247600DPZQG,2,361.000000,110,80,40.311793886875272,-74.037552835552276,0,2,0,FIN87astrdge12k8,0,Drone ID test flight---,0,20.500000,40.316332803378991,-74.037764444120810,40.315620285757348,-74.030745602625544,00:0e:8e:bf:0e:69,6,2437,-62,DroneIDTest,wlan,40.315620285757348,2.000000000000000,Airborne,-74.030745602625544,RID,test_3,0.000000000000000,Takeoff,Sim_RID_ACPVDL,52.020000000000003,40.316332803378991,-74.037764444120810,0.113134765625000,,2.000000000000000,Helicopter/Multirotor,0.000000000000000,00:0e:8e:bf:0e:69,DJI,,60.100000000000001,804.779999999999973,M3T,"[""test_1"",""test_2"",""test_3""]",FIN87astrdge12k8,Sim_RID_ACPVDL,"[""66c78dbe411b7b67c46ddc75""]",DroneIDTest,,,1581F5FJC247600DPZQG,"[""1581F5FJC247600DPZQG""]","[{""id"":""1581F5FJC247600DPZQG"",""type"":null,""type_label"":""Unknown""}]",Unknown,0.000000000000000
{43A4C1F6-D10E-3312-2CE9-C992D4DA364C},0.000000000000000,1581F5FJC247600DPZQG,4.000000000000000,89.226807117462158,,BTvsCHMBzw9L,"[""852a1393fffffff""]",52.200000000000003,RID,1581F5FJC247600DPZQG,BTvsCHMBzw9L,852a1393fffffff,,"Aug 06, 2024 19:00:34.115516 UTC",1581F5FJC247600DPZQG,2,361.000000,110,80,40.311793886875272,-74.037552835552276,0,2,0,FIN87astrdge12k8,0,Drone ID test flight---,0,20.500000,40.316332803378991,-74.037764444120810,40.315263824322464,-74.030943266967270,00:0e:8e:bf:0e:69,6,2437,-62,DroneIDTest,wlan,40.315263824322464,2.000000000000000,Airborne,-74.030943266967270,RID,test_3,0.000000000000000,Takeoff,Sim_RID_ACPVDL,43.030000000000001,40.316332803378991,-74.037764444120810,0.102916015625000,,2.000000000000000,Helicopter/Multirotor,0.000000000000000,00:0e:8e:bf:0e:69,DJI,,60.100000000000001,804.779999999999973,M3T,"[""test_1"",""test_2"",""test_3""]",FIN87astrdge12k8,Sim_RID_ACPVDL,"[""66c78dbe411b7b67c46ddc75""]",DroneIDTest,,,1581F5FJC247600DPZQG,"[""1581F5FJC247600DPZQG""]","[{""id"":""1581F5FJC247600DPZQG"",""type"":null,""type_label"":""Unknown""}]",Unknown,0.000000000000000
{8CB4B2DE-9C11-602E-AC63-339DA26F9ACA},0.000000000000000,1581F5FJC247600DPZQG,4.000000000000000,91.196532011032104,,BTvsCHMBzw9L,"[""852a1393fffffff""]",52.799999999999997,RID,1581F5FJC247600DPZQG,BTvsCHMBzw9L,852a1393fffffff,,"Aug 06, 2024 19:00:34.115516 UTC",1581F5FJC247600DPZQG,2,361.000000,110,80,40.311793886875272,-74.037552835552276,0,2,0,FIN87astrdge12k8,0,Drone ID test flight---,0,20.500000,40.316332803378991,-74.037764444120810,40.314947363683324,-74.031254793855581,00:0e:8e:bf:0e:69,6,2437,-62,DroneIDTest,wlan,40.314947363683324,2.000000000000000,Airborne,-74.031254793855581,RID,test_3,0.000000000000000,Takeoff,Sim_RID_ACPVDL,44.000000000000000,40.316332803378991,-74.037764444120810,0.097038818359375,,2.000000000000000,Helicopter/Multirotor,0.000000000000000,00:0e:8e:bf:0e:69,DJI,,60.100000000000001,804.779999999999973,M3T,"[""test_1"",""test_2"",""test_3""]",FIN87astrdge12k8,Sim_RID_ACPVDL,"[""66c78dbe411b7b67c46ddc75""]",DroneIDTest,,,1581F5FJC247600DPZQG,"[""1581F5FJC247600DPZQG""]","[{""id"":""1581F5FJC247600DPZQG"",""type"":null,""type_label"":""Unknown""}]",Unknown,0.000000000000000
{31CCFB57-6525-B1EB-60AD-9AFCFC1CE7EF},0.000000000000000,1581F5FJC247600DPZQG,4.000000000000000,93.187121152877808,,BTvsCHMBzw9L,"[""852a1393fffffff""]",53.399999999999999,RID,1581F5FJC247600DPZQG,BTvsCHMBzw9L,852a1393fffffff,,"Aug 06, 2024 19:00:34.115516 UTC",1581F5FJC247600DPZQG,2,361.000000,110,80,40.311793886875272,-74.037552835552276,0,2,0,FIN87astrdge12k8,0,Drone ID test flight---,0,20.500000,40.316332803378991,-74.037764444120810,40.314599990436477,-74.031527458896946,00:0e:8e:bf:0e:69,6,2437,-62,DroneIDTest,wlan,40.314599990436477,2.000000000000000,Airborne,-74.031527458896946,RID,test_3,0.000000000000000,Takeoff,Sim_RID_ACPVDL,45.020000000000003,40.316332803378991,-74.037764444120810,0.096600341796875,,2.000000000000000,Helicopter/Multirotor,0.000000000000000,00:0e:8e:bf:0e:69,DJI,,60.100000000000001,804.779999999999973,M3T,"[""test_1"",""test_2"",""test_3""]",FIN87astrdge12k8,Sim_RID_ACPVDL,"[""66c78dbe411b7b67c46ddc75""]",DroneIDTest,,,1581F5FJC247600DPZQG,"[""1581F5FJC247600DPZQG""]","[{""id"":""1581F5FJC247600DPZQG"",""type"":null,""type_label"":""Unknown""}]",Unknown,0.000000000000000
{C650C3D9-D906-568E-D9AC-C6C7B1AD1C4A},0.000000000000000,1581F5FJC247600DPZQG,4.000000000000000,95.167065143585205,,BTvsCHMBzw9L,"[""852a1393fffffff""]",51.700000000000003,RID,1581F5FJC247600DPZQG,BTvsCHMBzw9L,852a1393fffffff,,"Aug 06, 2024 19:00:34.115516 UTC",1581F5FJC247600DPZQG,2,361.000000,110,80,40.311793886875272,-74.037552835552276,0,2,0,FIN87astrdge12k8,0,Drone ID test flight---,0,20.500000,40.316332803378991,-74.037764444120810,40.314199690336970,-74.031867052640209,00:0e:8e:bf:0e:69,6,2437,-62,DroneIDTest,wlan,40.314199690336970,2.000000000000000,Airborne,-74.031867052640209,RID,test_3,0.000000000000000,Takeoff,Sim_RID_ACPVDL,53.009999999999998,40.316332803378991,-74.037764444120810,0.096707031250000,,2.000000000000000,Helicopter/Multirotor,0.000000000000000,00:0e:8e:bf:0e:69,DJI,,60.100000000000001,804.779999999999973,M3T,"[""test_1"",""test_2"",""test_3""]",FIN87astrdge12k8,Sim_RID_ACPVDL,"[""66c78dbe411b7b67c46ddc75""]",DroneIDTest,,,1581F5FJC247600DPZQG,"[""1581F5FJC247600DPZQG""]","[{""id"":""1581F5FJC247600DPZQG"",""type"":null,""type_label"":""Unknown""}]",Unknown,0.000000000000000
{83AB0C95-4361-A393-6EB3-0314D970ACAC},0.000000000000000,1581F5FJC247600DPZQG,4.000000000000000,97.156625986099243,,BTvsCHMBzw9L,"[""852a1393fffffff""]",52.799999999999997,RID,1581F5FJC247600DPZQG,BTvsCHMBzw9L,852a1393fffffff,,"Aug 06, 2024 19:00:34.115516 UTC",1581F5FJC247600DPZQG,2,361.000000,110,80,40.311793886875272,-74.037552835552276,0,2,0,FIN87astrdge12k8,0,Drone ID test flight---,0,20.500000,40.316332803378991,-74.037764444120810,40.313977020374786,-74.032391815456634,00:0e:8e:bf:0e:69,6,2437,-62,DroneIDTest,wlan,40.313977020374786,2.000000000000000,Airborne,-74.032391815456634,RID,test_3,0.000000000000000,Takeoff,Sim_RID_ACPVDL,50.920000000000002,40.316332803378991,-74.037764444120810,0.138700195312500,,2.000000000000000,Helicopter/Multirotor,0.000000000000000,00:0e:8e:bf:0e:69,DJI,,60.100000000000001,804.779999999999973,M3T,"[""test_1"",""test_2"",""test_3""]",FIN87astrdge12k8,Sim_RID_ACPVDL,"[""66c78dbe411b7b67c46ddc75""]",DroneIDTest,,,1581F5FJC247600DPZQG,"[""1581F5FJC247600DPZQG""]","[{""id"":""1581F5FJC247600DPZQG"",""type"":null,""type_label"":""Unknown""}]",Unknown,0.000000000000000
{E3EAE312-9A28-1965-FEFE-D45C41BC7F59},0.000000000000000,1581F5FJC247600DPZQG,4.000000000000000,99.024863958358765,,BTvsCHMBzw9L,"[""852a1393fffffff""]",51.600000000000001,RID,1581F5FJC247600DPZQG,BTvsCHMBzw9L,852a1393fffffff,,"Aug 06, 2024 19:00:34.115516 UTC",1581F5FJC247600DPZQG,2,361.000000,110,80,40.311793886875272,-74.037552835552276,0,2,0,FIN87astrdge12k8,0,Drone ID test flight---,0,20.500000,40.316332803378991,-74.037764444120810,40.313710114995160,-74.032908733858179,00:0e:8e:bf:0e:69,6,2437,-62,DroneIDTest,wlan,40.313710114995160,2.000000000000000,Airborne,-74.032908733858179,RID,test_1,0.000000000000000,Takeoff,Sim_RID_ACPVDL,52.930000000000000,40.316332803378991,-74.037764444120810,0.089411865234375,,2.000000000000000,Helicopter/Multirotor,0.000000000000000,00:0e:8e:bf:0e:69,DJI,,60.100000000000001,804.779999999999973,M3T,"[""test_1"",""test_2"",""test_3""]",FIN87astrdge12k8,Sim_RID_ACPVDL,"[""66c78dbe411b7b67c46ddc75""]",DroneIDTest,,,1581F5FJC247600DPZQG,"[""1581F5FJC247600DPZQG""]","[{""id"":""1581F5FJC247600DPZQG"",""type"":null,""type_label"":""Unknown""}]",Unknown,0.000000000000000
{C017638C-D204-5EAF-8018-76130D8EF74C},0.000000000000000,1581F5FJC247600DPZQG,4.000000000000000,99.126717090606689,,BTvsCHMBzw9L,"[""852a1393fffffff""]",51.500000000000000,RID,1581F5FJC247600DPZQG,BTvsCHMBzw9L,852a1393fffffff,,"Aug 06, 2024 19:00:34.115516 UTC",1581F5FJC247600DPZQG,2,361.000000,110,80,40.311793886875272,-74.037552835552276,0,2,0,FIN87astrdge12k8,0,Drone ID test flight---,0,20.500000,40.316332803378991,-74.037764444120810,40.313710114995160,-74.032908733858179,00:0e:8e:bf:0e:69,6,2437,-62,DroneIDTest,wlan,40.313710114995160,2.000000000000000,Airborne,-74.032908733858179,RID,test_3,0.000000000000000,Takeoff,Sim_RID_ACPVDL,52.930000000000000,40.316332803378991,-74.037764444120810,0.110369628906250,,2.000000000000000,Helicopter/Multirotor,0.000000000000000,00:0e:8e:bf:0e:69,DJI,,60.100000000000001,804.779999999999973,M3T,"[""test_1"",""test_2"",""test_3""]",FIN87astrdge12k8,Sim_RID_ACPVDL,"[""66c78dbe411b7b67c46ddc75""]",DroneIDTest,,,1581F5FJC247600DPZQG,"[""1581F5FJC247600DPZQG""]","[{""id"":""1581F5FJC247600DPZQG"",""type"":null,""type_label"":""Unknown""}]",Unknown,0.000000000000000
{4AF69421-807E-60AB-286C-7F3EA0F0241F},0.000000000000000,1581F5FJC247600DPZQG,4.000000000000000,101.095762014389038,,BTvsCHMBzw9L,"[""852a1393fffffff""]",53.799999999999997,RID,1581F5FJC247600DPZQG,BTvsCHMBzw9L,852a1393fffffff,,"Aug 06, 2024 19:00:34.115516 UTC",1581F5FJC247600DPZQG,2,361.000000,110,80,40.311793886875272,-74.037552835552276,0,2,0,FIN87astrdge12k8,0,Drone ID test flight---,0,20.500000,40.316332803378991,-74.037764444120810,40.313515977129299,-74.033478342668488,00:0e:8e:bf:0e:69,6,2437,-62,DroneIDTest,wlan,40.313515977129299,2.000000000000000,Airborne,-74.033478342668488,RID,test_3,0.000000000000000,Takeoff,Sim_RID_ACPVDL,52.899999999999999,40.316332803378991,-74.037764444120810,0.069224121093750,,2.000000000000000,Helicopter/Multirotor,0.000000000000000,00:0e:8e:bf:0e:69,DJI,,60.100000000000001,804.779999999999973,M3T,"[""test_1"",""test_2"",""test_3""]",FIN87astrdge12k8,Sim_RID_ACPVDL,"[""66c78dbe411b7b67c46ddc75""]",DroneIDTest,,,1581F5FJC247600DPZQG,"[""1581F5FJC247600DPZQG""]","[{""id"":""1581F5FJC247600DPZQG"",""type"":null,""type_label"":""Unknown""}]",Unknown,0.000000000000000
{994DEEE0-8D9E-EFBA-459C-F3E72C4369F4},0.000000000000000,1581F5FJC247600DPZQG,4.000000000000000,103.086488008499146,,BTvsCHMBzw9L,"[""852a1393fffffff""]",53.700000000000003,RID,1581F5FJC247600DPZQG,BTvsCHMBzw9L,852a1393fffffff,,"Aug 06, 2024 19:00:34.115516 UTC",1581F5FJC247600DPZQG,2,361.000000,110,80,40.311793886875272,-74.037552835552276,0,2,0,FIN87astrdge12k8,0,Drone ID test flight---,0,20.500000,40.316332803378991,-74.037764444120810,40.313319503733965,-74.033941364192160,00:0e:8e:bf:0e:69,6,2437,-62,DroneIDTest,wlan,40.313319503733965,2.000000000000000,Airborne,-74.033941364192160,RID,test_3,0.000000000000000,Takeoff,Sim_RID_ACPVDL,44.930000000000000,40.316332803378991,-74.037764444120810,0.078691406250000,,2.000000000000000,Helicopter/Multirotor,0.000000000000000,00:0e:8e:bf:0e:69,DJI,,60.100000000000001,804.779999999999973,M3T,"[""test_1"",""test_2"",""test_3""]",FIN87astrdge12k8,Sim_RID_ACPVDL,"[""66c78dbe411b7b67c46ddc75""]",DroneIDTest,,,1581F5FJC247600DPZQG,"[""1581F5FJC247600DPZQG""]","[{""id"":""1581F5FJC247600DPZQG"",""type"":null,""type_label"":""Unknown""}]",Unknown,0.000000000000000
{5F3E46A7-4D9C-FE7A-2F61-BCF802C582EC},0.000000000000000,1581F5FJC247600DPZQG,4.000000000000000,105.066252946853638,,BTvsCHMBzw9L,"[""852a1393fffffff""]",51.799999999999997,RID,1581F5FJC247600DPZQG,BTvsCHMBzw9L,852a1393fffffff,,"Aug 06, 2024 19:00:34.115516 UTC",1581F5FJC247600DPZQG,2,361.000000,110,80,40.311793886875272,-74.037552835552276,0,2,0,FIN87astrdge12k8,0,Drone ID test flight---,0,20.500000,40.316332803378991,-74.037764444120810,40.313112334293692,-74.034450342281431,00:0e:8e:bf:0e:69,6,2437,-62,DroneIDTest,wlan,40.313112334293692,2.000000000000000,Airborne,-74.034450342281431,RID,test_3,0.000000000000000,Takeoff,Sim_RID_ACPVDL,48.920000000000002,40.316332803378991,-74.037764444120810,0.079687255859375,,2.000000000000000,Helicopter/Multirotor,0.000000000000000,00:0e:8e:bf:0e:69,DJI,,60.100000000000001,804.779999999999973,M3T,"[""test_1"",""test_2"",""test_3""]",FIN87astrdge12k8,Sim_RID_ACPVDL,"[""66c78dbe411b7b67c46ddc75""]",DroneIDTest,,,1581F5FJC247600DPZQG,"[""1581F5FJC247600DPZQG""]","[{""id"":""1581F5FJC247600DPZQG"",""type"":null,""type_label"":""Unknown""}]",Unknown,0.000000000000000
{EBFDD2C3-A2CD-072C-B0E6-62A1BA2F4B2D},0.000000000000000,1581F5FJC247600DPZQG,4.000000000000000,107.036544084548950,,BTvsCHMBzw9L,"[""852a1393fffffff""]",52.200000000000003,RID,1581F5FJC247600DPZQG,BTvsCHMBzw9L,852a1393fffffff,,"Aug 06, 2024 19:00:34.115516 UTC",1581F5FJC247600DPZQG,2,361.000000,110,80,40.311793886875272,-74.037552835552276,0,2,0,FIN87astrdge12k8,0,Drone ID test flight---,0,20.500000,40.316332803378991,-74.037764444120810,40.312892480929250,-74.034990480542902,00:0e:8e:bf:0e:69,6,2437,-62,DroneIDTest,wlan,40.312892480929250,2.000000000000000,Airborne,-74.034990480542902,RID,test_3,0.000000000000000,Takeoff,Sim_RID_ACPVDL,51.909999999999997,40.316332803378991,-74.037764444120810,0.089262939453125,,2.000000000000000,Helicopter/Multirotor,0.000000000000000,00:0e:8e:bf:0e:69,DJI,,60.100000000000001,804.779999999999973,M3T,"[""test_1"",""test_2"",""test_3""]",FIN87astrdge12k8,Sim_RID_ACPVDL,"[""66c78dbe411b7b67c46ddc75""]",DroneIDTest,,,1581F5FJC247600DPZQG,"[""1581F5FJC247600DPZQG""]","[{""id"":""1581F5FJC247600DPZQG"",""type"":null,""type_label"":""Unknown""}]",Unknown,0.000000000000000
{21B28ABF-D4B8-6839-EBAE-3E3970D357C3},0.000000000000000,1581F5FJC247600DPZQG,4.000000000000000,109.016741037368774,,BTvsCHMBzw9L,"[""852a1393fffffff""]",51.299999999999997,RID,1581F5FJC247600DPZQG,BTvsCHMBzw9L,852a1393fffffff,,"Aug 06, 2024 19:00:34.115516 UTC",1581F5FJC247600DPZQG,2,361.000000,110,80,40.311793886875272,-74.037552835552276,0,2,0,FIN87astrdge12k8,0,Drone ID test flight---,0,20.500000,40.316332803378991,-74.037764444120810,40.312640683415992,-74.035478131719657,00:0e:8e:bf:0e:69,6,2437,-62,DroneIDTest,wlan,40.312640683415992,2.000000000000000,Airborne,-74.035478131719657,RID,test_3,0.000000000000000,Takeoff,Sim_RID_ACPVDL,49.939999999999998,40.316332803378991,-74.037764444120810,0.062879882812500,,2.000000000000000,Helicopter/Multirotor,0.000000000000000,00:0e:8e:bf:0e:69,DJI,,60.100000000000001,804.779999999999973,M3T,"[""test_1"",""test_2"",""test_3""]",FIN87astrdge12k8,Sim_RID_ACPVDL,"[""66c78dbe411b7b67c46ddc75""]",DroneIDTest,,,1581F5FJC247600DPZQG,"[""1581F5FJC247600DPZQG""]","[{""id"":""1581F5FJC247600DPZQG"",""type"":null,""type_label"":""Unknown""}]",Unknown,0.000000000000000
{74318964-F9F9-7DF5-B9C3-FE8CF6F37B4F},0.000000000000000,1581F5FJC247600DPZQG,4.000000000000000,110.986694097518921,,BTvsCHMBzw9L,"[""852a1393fffffff""]",49.200000000000003,RID,1581F5FJC247600DPZQG,BTvsCHMBzw9L,852a1393fffffff,,"Aug 06, 2024 19:00:34.115516 UTC",1581F5FJC247600DPZQG,2,361.000000,110,80,40.311793886875272,-74.037552835552276,0,2,0,FIN87astrdge12k8,0,Drone ID test flight---,0,20.500000,40.316332803378991,-74.037764444120810,40.312441236380060,-74.035911740264339,00:0e:8e:bf:0e:69,6,2437,-62,DroneIDTest,wlan,40.312441236380060,2.000000000000000,Airborne,-74.035911740264339,RID,test_3,0.000000000000000,Takeoff,Sim_RID_ACPVDL,42.939999999999998,40.316332803378991,-74.037764444120810,0.073111083984375,,2.000000000000000,Helicopter/Multirotor,0.000000000000000,00:0e:8e:bf:0e:69,DJI,,60.100000000000001,804.779999999999973,M3T,"[""test_1"",""test_2"",""test_3""]",FIN87astrdge12k8,Sim_RID_ACPVDL,"[""66c78dbe411b7b67c46ddc75""]",DroneIDTest,,,1581F5FJC247600DPZQG,"[""1581F5FJC247600DPZQG""]","[{""id"":""1581F5FJC247600DPZQG"",""type"":null,""type_label"":""Unknown""}]",Unknown,0.000000000000000
{D03AC7FB-9198-9AA3-5FE8-1A787DF3B89C},0.000000000000000,1581F5FJC247600DPZQG,4.000000000000000,112.956498146057129,,BTvsCHMBzw9L,"[""852a1393fffffff""]",48.100000000000001,RID,1581F5FJC247600DPZQG,BTvsCHMBzw9L,852a1393fffffff,,"Aug 06, 2024 19:00:34.115516 UTC",1581F5FJC247600DPZQG,2,361.000000,110,80,40.311793886875272,-74.037552835552276,0,2,0,FIN87astrdge12k8,0,Drone ID test flight---,0,20.500000,40.316332803378991,-74.037764444120810,40.312231906091014,-74.036498149553310,00:0e:8e:bf:0e:69,6,2437,-62,DroneIDTest,wlan,40.312231906091014,2.000000000000000,Airborne,-74.036498149553310,RID,test_3,0.000000000000000,Takeoff,Sim_RID_ACPVDL,54.899999999999999,40.316332803378991,-74.037764444120810,0.093294921875000,,2.000000000000000,Helicopter/Multirotor,0.000000000000000,00:0e:8e:bf:0e:69,DJI,,60.100000000000001,804.779999999999973,M3T,"[""test_1"",""test_2"",""test_3""]",FIN87astrdge12k8,Sim_RID_ACPVDL,"[""66c78dbe411b7b67c46ddc75""]",DroneIDTest,,,1581F5FJC247600DPZQG,"[""1581F5FJC247600DPZQG""]","[{""id"":""1581F5FJC247600DPZQG"",""type"":null,""type_label"":""Unknown""}]",Unknown,0.000000000000000
{A82E98E1-DA38-50E5-CA49-C1798F9F333C},0.000000000000000,1581F5FJC247600DPZQG,4.000000000000000,114.926501035690308,,BTvsCHMBzw9L,"[""852a1393fffffff""]",48.399999999999999,RID,1581F5FJC247600DPZQG,BTvsCHMBzw9L,852a1393fffffff,,"Aug 06, 2024 19:00:34.115516 UTC",1581F5FJC247600DPZQG,2,361.000000,110,80,40.311793886875272,-74.037552835552276,0,2,0,FIN87astrdge12k8,0,Drone ID test flight---,0,20.500000,40.316332803378991,-74.037764444120810,40.312007824718293,-74.037048667905367,00:0e:8e:bf:0e:69,6,2437,-62,DroneIDTest,wlan,40.312007824718293,2.000000000000000,Airborne,-74.037048667905367,RID,test_3,0.000000000000000,Takeoff,Sim_RID_ACPVDL,52.909999999999997,40.316332803378991,-74.037764444120810,0.084076904296875,,2.000000000000000,Helicopter/Multirotor,0.000000000000000,00:0e:8e:bf:0e:69,DJI,,60.100000000000001,804.779999999999973,M3T,"[""test_1"",""test_2"",""test_3""]",FIN87astrdge12k8,Sim_RID_ACPVDL,"[""66c78dbe411b7b67c46ddc75""]",DroneIDTest,,,1581F5FJC247600DPZQG,"[""1581F5FJC247600DPZQG""]","[{""id"":""1581F5FJC247600DPZQG"",""type"":null,""type_label"":""Unknown""}]",Unknown,0.000000000000000
{7CD1C499-18D1-6E67-E237-660F479F95C5},0.000000000000000,1581F5FJC247600DPZQG,4.000000000000000,116.896464109420776,,BTvsCHMBzw9L,"[""852a1393fffffff""]",45.200000000000003,RID,1581F5FJC247600DPZQG,BTvsCHMBzw9L,852a1393fffffff,,"Aug 06, 2024 19:00:34.115516 UTC",1581F5FJC247600DPZQG,2,361.000000,110,80,40.311793886875272,-74.037552835552276,0,2,0,FIN87astrdge12k8,0,Drone ID test flight---,0,20.500000,40.316332803378991,-74.037764444120810,40.311793886875272,-74.037552835552276,00:0e:8e:bf:0e:69,6,2437,-62,DroneIDTest,wlan,40.311793886875272,2.000000000000000,Airborne,-74.037552835552276,RID,test_3,0.000000000000000,Takeoff,Sim_RID_ACPVDL,48.920000000000002,40.316332803378991,-74.037764444120810,0.082974365234375,,2.000000000000000,Helicopter/Multirotor,0.000000000000000,00:0e:8e:bf:0e:69,DJI,,60.100000000000001,804.779999999999973,M3T,"[""test_1"",""test_2"",""test_3""]",FIN87astrdge12k8,Sim_RID_ACPVDL,"[""66c78dbe411b7b67c46ddc75""]",DroneIDTest,,,1581F5FJC247600DPZQG,"[""1581F5FJC247600DPZQG""]","[{""id"":""1581F5FJC247600DPZQG"",""type"":null,""type_label"":""Unknown""}]",Unknown,0.000000000000000
{20D3EC8A-83EA-6888-81F5-4CA8B7267979},0.000000000000000,1581F5FJC247600DPZQG,4.000000000000000,116.896464109420776,,BTvsCHMBzw9L,"[""852a1393fffffff""]",45.200000000000003,RID,1581F5FJC247600DPZQG,BTvsCHMBzw9L,852a1393fffffff,,"Aug 06, 2024 19:00:34.115516 UTC",1581F5FJC247600DPZQG,2,361.000000,110,80,40.311793886875272,-74.037552835552276,0,2,0,FIN87astrdge12k8,0,Drone ID test flight---,0,20.500000,40.316332803378991,-74.037764444120810,40.311793886875272,-74.037552835552276,00:0e:8e:bf:0e:69,6,2437,-62,DroneIDTest,wlan,40.311793886875272,2.000000000000000,Airborne,-74.037552835552276,RID,test_3,0.000000000000000,Takeoff,Sim_RID_ACPVDL,48.920000000000002,40.316332803378991,-74.037764444120810,0.082974365234375,,2.000000000000000,Helicopter/Multirotor,0.000000000000000,00:0e:8e:bf:0e:69,DJI,,60.100000000000001,804.779999999999973,M3T,"[""test_1"",""test_2"",""test_3""]",FIN87astrdge12k8,Sim_RID_ACPVDL,"[""66c78dbe411b7b67c46ddc75""]",DroneIDTest,,,1581F5FJC247600DPZQG,"[""1581F5FJC247600DPZQG""]","[{""id"":""1581F5FJC247600DPZQG"",""type"":null,""type_label"":""Unknown""}]",Unknown,0.000000000000000
{5808F47E-5724-763C-FCF1-2226F755456D},0.000000000000000,1581F5FJC247600DPZQG,4.000000000000000,116.896464109420776,,BTvsCHMBzw9L,"[""852a1393fffffff""]",45.200000000000003,RID,1581F5FJC247600DPZQG,BTvsCHMBzw9L,852a1393fffffff,,"Aug 06, 2024 19:00:34.115516 UTC",1581F5FJC247600DPZQG,2,361.000000,110,80,40.311793886875272,-74.037552835552276,0,2,0,FIN87astrdge12k8,0,Drone ID test flight---,0,20.500000,40.316332803378991,-74.037764444120810,40.311793886875272,-74.037552835552276,00:0e:8e:bf:0e:69,6,2437,-62,DroneIDTest,wlan,40.311793886875272,2.000000000000000,Airborne,-74.037552835552276,RID,test_3,0.000000000000000,Takeoff,Sim_RID_ACPVDL,48.920000000000002,40.316332803378991,-74.037764444120810,0.082974365234375,,2.000000000000000,Helicopter/Multirotor,0.000000000000000,00:0e:8e:bf:0e:69,DJI,,60.100000000000001,804.779999999999973,M3T,"[""test_1"",""test_2"",""test_3""]",FIN87astrdge12k8,Sim_RID_ACPVDL,"[""66c78dbe411b7b67c46ddc75""]",DroneIDTest,,,1581F5FJC247600DPZQG,"[""1581F5FJC247600DPZQG""]","[{""id"":""1581F5FJC247600DPZQG"",""type"":null,""type_label"":""Unknown""}]",Unknown,0.000000000000000
{AD369733-108E-CBEB-4385-8180D9A26884},0.000000000000000,1581F5FJC247600DPZQG,4.000000000000000,116.896464109420776,,BTvsCHMBzw9L,"[""852a1393fffffff""]",45.200000000000003,RID,1581F5FJC247600DPZQG,BTvsCHMBzw9L,852a1393fffffff,,"Aug 06, 2024 19:00:34.115516 UTC",1581F5FJC247600DPZQG,2,361.000000,110,80,40.311793886875272,-74.037552835552276,0,2,0,FIN87astrdge12k8,0,Drone ID test flight---,0,20.500000,40.316332803378991,-74.037764444120810,40.311793886875272,-74.037552835552276,00:0e:8e:bf:0e:69,6,2437,-62,DroneIDTest,wlan,40.311793886875272,2.000000000000000,Airborne,-74.037552835552276,RID,test_3,0.000000000000000,Takeoff,Sim_RID_ACPVDL,48.920000000000002,40.316332803378991,-74.037764444120810,0.082974365234375,,2.000000000000000,Helicopter/Multirotor,0.000000000000000,00:0e:8e:bf:0e:69,DJI,,60.100000000000001,804.779999999999973,M3T,"[""test_1"",""test_2"",""test_3""]",FIN87astrdge12k8,Sim_RID_ACPVDL,"[""66c78dbe411b7b67c46ddc75""]",DroneIDTest,,,1581F5FJC247600DPZQG,"[""1581F5FJC247600DPZQG""]","[{""id"":""1581F5FJC247600DPZQG"",""type"":null,""type_label"":""Unknown""}]",Unknown,0.000000000000000
{9D0AAB69-922B-400C-E036-9D373ACA8E9C},0.000000000000000,1581F5FJC247600DPZQG,4.000000000000000,116.896464109420776,,BTvsCHMBzw9L,"[""852a1393fffffff""]",45.200000000000003,RID,1581F5FJC247600DPZQG,BTvsCHMBzw9L,852a1393fffffff,,"Aug 06, 2024 19:00:34.115516 UTC",1581F5FJC247600DPZQG,2,361.000000,110,80,40.311793886875272,-74.037552835552276,0,2,0,FIN87astrdge12k8,0,Drone ID test flight---,0,20.500000,40.316332803378991,-74.037764444120810,40.311793886875272,-74.037552835552276,00:0e:8e:bf:0e:69,6,2437,-62,DroneIDTest,wlan,40.311793886875272,2.000000000000000,Airborne,-74.037552835552276,RID,test_3,0.000000000000000,Takeoff,Sim_RID_ACPVDL,48.920000000000002,40.316332803378991,-74.037764444120810,0.082974365234375,,2.000000000000000,Helicopter/Multirotor,0.000000000000000,00:0e:8e:bf:0e:69,DJI,,60.100000000000001,804.779999999999973,M3T,"[""test_1"",""test_2"",""test_3""]",FIN87astrdge12k8,Sim_RID_ACPVDL,"[""66c78dbe411b7b67c46ddc75""]",DroneIDTest,,,1581F5FJC247600DPZQG,"[""1581F5FJC247600DPZQG""]","[{""id"":""1581F5FJC247600DPZQG"",""type"":null,""type_label"":""Unknown""}]",Unknown,0.000000000000000
{D1397E07-E843-02ED-E2B1-10912A27F1DB},0.000000000000000,1581F5FJC247600DPZQG,4.000000000000000,116.896464109420776,,BTvsCHMBzw9L,"[""852a1393fffffff""]",45.200000000000003,RID,1581F5FJC247600DPZQG,BTvsCHMBzw9L,852a1393fffffff,,"Aug 06, 2024 19:00:34.115516 UTC",1581F5FJC247600DPZQG,2,361.000000,110,80,40.311793886875272,-74.037552835552276,0,2,0,FIN87astrdge12k8,0,Drone ID test flight---,0,20.500000,40.316332803378991,-74.037764444120810,40.311793886875272,-74.037552835552276,00:0e:8e:bf:0e:69,6,2437,-62,DroneIDTest,wlan,40.311793886875272,2.000000000000000,Airborne,-74.037552835552276,RID,test_3,0.000000000000000,Takeoff,Sim_RID_ACPVDL,48.920000000000002,40.316332803378991,-74.037764444120810,0.082974365234375,,2.000000000000000,Helicopter/Multirotor,0.000000000000000,00:0e:8e:bf:0e:69,DJI,,60.100000000000001,804.779999999999973,M3T,"[""test_1"",""test_2"",""test_3""]",FIN87astrdge12k8,Sim_RID_ACPVDL,"[""66c78dbe411b7b67c46ddc75""]",DroneIDTest,,,1581F5FJC247600DPZQG,"[""1581F5FJC247600DPZQG""]","[{""id"":""1581F5FJC247600DPZQG"",""type"":null,""type_label"":""Unknown""}]",Unknown,0.000000000000000
{7386BA3D-12FA-DDBA-8364-4D38503B7B73},0.000000000000000,1581F5FJC247600DPZQG,4.000000000000000,116.896464109420776,,BTvsCHMBzw9L,"[""852a1393fffffff""]",45.200000000000003,RID,1581F5FJC247600DPZQG,BTvsCHMBzw9L,852a1393fffffff,,"Aug 06, 2024 19:00:34.115516 UTC",1581F5FJC247600DPZQG,2,361.000000,110,80,40.311793886875272,-74.037552835552276,0,2,0,FIN87astrdge12k8,0,Drone ID test flight---,0,20.500000,40.316332803378991,-74.037764444120810,40.311793886875272,-74.037552835552276,00:0e:8e:bf:0e:69,6,2437,-62,DroneIDTest,wlan,40.311793886875272,2.000000000000000,Airborne,-74.037552835552276,RID,test_3,0.000000000000000,Takeoff,Sim_RID_ACPVDL,48.920000000000002,40.316332803378991,-74.037764444120810,0.082974365234375,,2.000000000000000,Helicopter/Multirotor,0.000000000000000,00:0e:8e:bf:0e:69,DJI,,60.100000000000001,804.779999999999973,M3T,"[""test_1"",""test_2"",""test_3""]",FIN87astrdge12k8,Sim_RID_ACPVDL,"[""66c78dbe411b7b67c46ddc75""]",DroneIDTest,,,1581F5FJC247600DPZQG,"[""1581F5FJC247600DPZQG""]","[{""id"":""1581F5FJC247600DPZQG"",""type"":null,""type_label"":""Unknown""}]",Unknown,0.000000000000000
{BE0D4104-C9A5-65DC-A6DA-77B12B5377CA},0.000000000000000,1581F5FJC247600DPZQG,4.000000000000000,116.896464109420776,,BTvsCHMBzw9L,"[""852a1393fffffff""]",45.200000000000003,RID,1581F5FJC247600DPZQG,BTvsCHMBzw9L,852a1393fffffff,,"Aug 06, 2024 19:00:34.115516 UTC",1581F5FJC247600DPZQG,2,361.000000,110,80,40.311793886875272,-74.037552835552276,0,2,0,FIN87astrdge12k8,0,Drone ID test flight---,0,20.500000,40.316332803378991,-74.037764444120810,40.311793886875272,-74.037552835552276,00:0e:8e:bf:0e:69,6,2437,-62,DroneIDTest,wlan,40.311793886875272,2.000000000000000,Airborne,-74.037552835552276,RID,test_3,0.000000000000000,Takeoff,Sim_RID_ACPVDL,48.920000000000002,40.316332803378991,-74.037764444120810,0.082974365234375,,2.000000000000000,Helicopter/Multirotor,0.000000000000000,00:0e:8e:bf:0e:69,DJI,,60.100000000000001,804.779999999999973,M3T,"[""test_1"",""test_2"",""test_3""]",FIN87astrdge12k8,Sim_RID_ACPVDL,"[""66c78dbe411b7b67c46ddc75""]",DroneIDTest,,,1581F5FJC247600DPZQG,"[""1581F5FJC247600DPZQG""]","[{""id"":""1581F5FJC247600DPZQG"",""type"":null,""type_label"":""Unknown""}]",Unknown,0.000000000000000
{9822CCE4-0577-E532-2177-A1F9DDD9C81B},0.000000000000000,1581F5FJC247600DPZQG,4.000000000000000,116.896464109420776,,BTvsCHMBzw9L,"[""852a1393fffffff""]",45.200000000000003,RID,1581F5FJC247600DPZQG,BTvsCHMBzw9L,852a1393fffffff,,"Aug 06, 2024 19:00:34.115516 UTC",1581F5FJC247600DPZQG,2,361.000000,110,80,40.311793886875272,-74.037552835552276,0,2,0,FIN87astrdge12k8,0,Drone ID test flight---,0,20.500000,40.316332803378991,-74.037764444120810,40.311793886875272,-74.037552835552276,00:0e:8e:bf:0e:69,6,2437,-62,DroneIDTest,wlan,40.311793886875272,2.000000000000000,Airborne,-74.037552835552276,RID,test_3,0.000000000000000,Takeoff,Sim_RID_ACPVDL,48.920000000000002,40.316332803378991,-74.037764444120810,0.082974365234375,,2.000000000000000,Helicopter/Multirotor,0.000000000000000,00:0e:8e:bf:0e:69,DJI,,60.100000000000001,804.779999999999973,M3T,"[""test_1"",""test_2"",""test_3""]",FIN87astrdge12k8,Sim_RID_ACPVDL,"[""66c78dbe411b7b67c46ddc75""]",DroneIDTest,,,1581F5FJC247600DPZQG,"[""1581F5FJC247600DPZQG""]","[{""id"":""1581F5FJC247600DPZQG"",""type"":null,""type_label"":""Unknown""}]",Unknown,0.000000000000000
{152F1A43-278C-A18B-5C31-DC133E90A619},0.000000000000000,1581F5FJC247600DPZQG,4.000000000000000,116.896464109420776,,BTvsCHMBzw9L,"[""852a1393fffffff""]",45.200000000000003,RID,1581F5FJC247600DPZQG,BTvsCHMBzw9L,852a1393fffffff,,"Aug 06, 2024 19:00:34.115516 UTC",1581F5FJC247600DPZQG,2,361.000000,110,80,40.311793886875272,-74.037552835552276,0,2,0,FIN87astrdge12k8,0,Drone ID test flight---,0,20.500000,40.316332803378991,-74.037764444120810,40.311793886875272,-74.037552835552276,00:0e:8e:bf:0e:69,6,2437,-62,DroneIDTest,wlan,40.311793886875272,2.000000000000000,Airborne,-74.037552835552276,RID,test_3,0.000000000000000,Takeoff,Sim_RID_ACPVDL,48.920000000000002,40.316332803378991,-74.037764444120810,0.082974365234375,,2.000000000000000,Helicopter/Multirotor,0.000000000000000,00:0e:8e:bf:0e:69,DJI,,60.100000000000001,804.779999999999973,M3T,"[""test_1"",""test_2"",""test_3""]",FIN87astrdge12k8,Sim_RID_ACPVDL,"[""66c78dbe411b7b67c46ddc75""]",DroneIDTest,,,1581F5FJC247600DPZQG,"[""1581F5FJC247600DPZQG""]","[{""id"":""1581F5FJC247600DPZQG"",""type"":null,""type_label"":""Unknown""}]",Unknown,0.000000000000000
{900AEF87-7B16-F21C-5366-A52BF739C9DE},0.000000000000000,1581F5FJC247600DPZQG,4.000000000000000,116.896464109420776,,BTvsCHMBzw9L,"[""852a1393fffffff""]",45.200000000000003,RID,1581F5FJC247600DPZQG,BTvsCHMBzw9L,852a1393fffffff,,"Aug 06, 2024 19:00:34.115516 UTC",1581F5FJC247600DPZQG,2,361.000000,110,80,40.311793886875272,-74.037552835552276,0,2,0,FIN87astrdge12k8,0,Drone ID test flight---,0,20.500000,40.316332803378991,-74.037764444120810,40.311793886875272,-74.037552835552276,00:0e:8e:bf:0e:69,6,2437,-62,DroneIDTest,wlan,40.311793886875272,2.000000000000000,Airborne,-74.037552835552276,RID,test_3,0.000000000000000,Takeoff,Sim_RID_ACPVDL,48.920000000000002,40.316332803378991,-74.037764444120810,0.082974365234375,,2.000000000000000,Helicopter/Multirotor,0.000000000000000,00:0e:8e:bf:0e:69,DJI,,60.100000000000001,804.779999999999973,M3T,"[""test_1"",""test_2"",""test_3""]",FIN87astrdge12k8,Sim_RID_ACPVDL,"[""66c78dbe411b7b67c46ddc75""]",DroneIDTest,,,1581F5FJC247600DPZQG,"[""1581F5FJC247600DPZQG""]","[{""id"":""1581F5FJC247600DPZQG"",""type"":null,""type_label"":""Unknown""}]",Unknown,0.000000000000000
{9425B1AF-8B2A-8AB8-DFC3-843C0F937BB7},0.000000000000000,1581F5FJC247600DPZQG,4.000000000000000,116.896464109420776,,BTvsCHMBzw9L,"[""852a1393fffffff""]",45.200000000000003,RID,1581F5FJC247600DPZQG,BTvsCHMBzw9L,852a1393fffffff,,"Aug 06, 2024 19:00:34.115516 UTC",1581F5FJC247600DPZQG,2,361.000000,110,80,40.311793886875272,-74.037552835552276,0,2,0,FIN87astrdge12k8,0,Drone ID test flight---,0,20.500000,40.316332803378991,-74.037764444120810,40.311793886875272,-74.037552835552276,00:0e:8e:bf:0e:69,6,2437,-62,DroneIDTest,wlan,40.311793886875272,2.000000000000000,Airborne,-74.037552835552276,RID,test_3,0.000000000000000,Takeoff,Sim_RID_ACPVDL,48.920000000000002,40.316332803378991,-74.037764444120810,0.082974365234375,,2.000000000000000,Helicopter/Multirotor,0.000000000000000,00:0e:8e:bf:0e:69,DJI,,60.100000000000001,804.779999999999973,M3T,"[""test_1"",""test_2"",""test_3""]",FIN87astrdge12k8,Sim_RID_ACPVDL,"[""66c78dbe411b7b67c46ddc75""]",DroneIDTest,,,1581F5FJC247600DPZQG,"[""1581F5FJC247600DPZQG""]","[{""id"":""1581F5FJC247600DPZQG"",""type"":null,""type_label"":""Unknown""}]",Unknown,0.000000000000000
{6A2D95AB-C91A-78F0-85F4-86E1F3F790B2},0.000000000000000,1581F5FJC247600DPZQG,4.000000000000000,116.896464109420776,,BTvsCHMBzw9L,"[""852a1393fffffff""]",45.200000000000003,RID,1581F5FJC247600DPZQG,BTvsCHMBzw9L,852a1393fffffff,,"Aug 06, 2024 19:00:34.115516 UTC",1581F5FJC247600DPZQG,2,361.000000,110,80,40.311793886875272,-74.037552835552276,0,2,0,FIN87astrdge12k8,0,Drone ID test flight---,0,20.500000,40.316332803378991,-74.037764444120810,40.311793886875272,-74.037552835552276,00:0e:8e:bf:0e:69,6,2437,-62,DroneIDTest,wlan,40.311793886875272,2.000000000000000,Airborne,-74.037552835552276,RID,test_3,0.000000000000000,Takeoff,Sim_RID_ACPVDL,48.920000000000002,40.316332803378991,-74.037764444120810,0.082974365234375,,2.000000000000000,Helicopter/Multirotor,0.000000000000000,00:0e:8e:bf:0e:69,DJI,,60.100000000000001,804.779999999999973,M3T,"[""test_1"",""test_2"",""test_3""]",FIN87astrdge12k8,Sim_RID_ACPVDL,"[""66c78dbe411b7b67c46ddc75""]",DroneIDTest,,,1581F5FJC247600DPZQG,"[""1581F5FJC247600DPZQG""]","[{""id"":""1581F5FJC247600DPZQG"",""type"":null,""type_label"":""Unknown""}]",Unknown,0.000000000000000
{7AB1D573-EB27-D392-E8B0-6D74197BAC1B},0.000000000000000,1581F5FJC247600DPZQG,4.000000000000000,116.896464109420776,,BTvsCHMBzw9L,"[""852a1393fffffff""]",45.200000000000003,RID,1581F5FJC247600DPZQG,BTvsCHMBzw9L,852a1393fffffff,,"Aug 06, 2024 19:00:34.115516 UTC",1581F5FJC247600DPZQG,2,361.000000,110,80,40.311793886875272,-74.037552835552276,0,2,0,FIN87astrdge12k8,0,Drone ID test flight---,0,20.500000,40.316332803378991,-74.037764444120810,40.311793886875272,-74.037552835552276,00:0e:8e:bf:0e:69,6,2437,-62,DroneIDTest,wlan,40.311793886875272,2.000000000000000,Airborne,-74.037552835552276,RID,test_3,0.000000000000000,Takeoff,Sim_RID_ACPVDL,48.920000000000002,40.316332803378991,-74.037764444120810,0.082974365234375,,2.000000000000000,Helicopter/Multirotor,0.000000000000000,00:0e:8e:bf:0e:69,DJI,,60.100000000000001,804.779999999999973,M3T,"[""test_1"",""test_2"",""test_3""]",FIN87astrdge12k8,Sim_RID_ACPVDL,"[""66c78dbe411b7b67c46ddc75""]",DroneIDTest,,,1581F5FJC247600DPZQG,"[""1581F5FJC247600DPZQG""]","[{""id"":""1581F5FJC247600DPZQG"",""type"":null,""type_label"":""Unknown""}]",Unknown,0.000000000000000
{2E4D89B3-EE23-F553-3DA2-897B8B23D068},0.000000000000000,1581F5FJC247600DPZQG,4.000000000000000,116.896464109420776,,BTvsCHMBzw9L,"[""852a1393fffffff""]",45.200000000000003,RID,1581F5FJC247600DPZQG,BTvsCHMBzw9L,852a1393fffffff,,"Aug 06, 2024 19:00:34.115516 UTC",1581F5FJC247600DPZQG,2,361.000000,110,80,40.311793886875272,-74.037552835552276,0,2,0,FIN87astrdge12k8,0,Drone ID test flight---,0,20.500000,40.316332803378991,-74.037764444120810,40.311793886875272,-74.037552835552276,00:0e:8e:bf:0e:69,6,2437,-62,DroneIDTest,wlan,40.311793886875272,2.000000000000000,Airborne,-74.037552835552276,RID,test_3,0.000000000000000,Takeoff,Sim_RID_ACPVDL,48.920000000000002,40.316332803378991,-74.037764444120810,0.082974365234375,,2.000000000000000,Helicopter/Multirotor,0.000000000000000,00:0e:8e:bf:0e:69,DJI,,60.100000000000001,804.779999999999973,M3T,"[""test_1"",""test_2"",""test_3""]",FIN87astrdge12k8,Sim_RID_ACPVDL,"[""66c78dbe411b7b67c46ddc75""]",DroneIDTest,,,1581F5FJC247600DPZQG,"[""1581F5FJC247600DPZQG""]","[{""id"":""1581F5FJC247600DPZQG"",""type"":null,""type_label"":""Unknown""}]",Unknown,0.000000000000000
{D5A271C5-2B94-C5DF-57ED-1F77B441C832},0.000000000000000,1581F5FJC247600DPZQG,4.000000000000000,116.896464109420776,,BTvsCHMBzw9L,"[""852a1393fffffff""]",45.200000000000003,RID,1581F5FJC247600DPZQG,BTvsCHMBzw9L,852a1393fffffff,,"Aug 06, 2024 19:00:34.115516 UTC",1581F5FJC247600DPZQG,2,361.000000,110,80,40.311793886875272,-74.037552835552276,0,2,0,FIN87astrdge12k8,0,Drone ID test flight---,0,20.500000,40.316332803378991,-74.037764444120810,40.311793886875272,-74.037552835552276,00:0e:8e:bf:0e:69,6,2437,-62,DroneIDTest,wlan,40.311793886875272,2.000000000000000,Airborne,-74.037552835552276,RID,test_3,0.000000000000000,Takeoff,Sim_RID_ACPVDL,48.920000000000002,40.316332803378991,-74.037764444120810,0.082974365234375,,2.000000000000000,Helicopter/Multirotor,0.000000000000000,00:0e:8e:bf:0e:69,DJI,,60.100000000000001,804.779999999999973,M3T,"[""test_1"",""test_2"",""test_3""]",FIN87astrdge12k8,Sim_RID_ACPVDL,"[""66c78dbe411b7b67c46ddc75""]",DroneIDTest,,,1581F5FJC247600DPZQG,"[""1581F5FJC247600DPZQG""]","[{""id"":""1581F5FJC247600DPZQG"",""type"":null,""type_label"":""Unknown""}]",Unknown,0.000000000000000
{9CEA37CF-6059-564A-4EF9-1C82A120DB36},0.000000000000000,1581F5FJC247600DPZQG,4.000000000000000,116.896464109420776,,BTvsCHMBzw9L,"[""852a1393fffffff""]",45.200000000000003,RID,1581F5FJC247600DPZQG,BTvsCHMBzw9L,852a1393fffffff,,"Aug 06, 2024 19:00:34.115516 UTC",1581F5FJC247600DPZQG,2,361.000000,110,80,40.311793886875272,-74.037552835552276,0,2,0,FIN87astrdge12k8,0,Drone ID test flight---,0,20.500000,40.316332803378991,-74.037764444120810,40.311793886875272,-74.037552835552276,00:0e:8e:bf:0e:69,6,2437,-62,DroneIDTest,wlan,40.311793886875272,2.000000000000000,Airborne,-74.037552835552276,RID,test_3,0.000000000000000,Takeoff,Sim_RID_ACPVDL,48.920000000000002,40.316332803378991,-74.037764444120810,0.082974365234375,,2.000000000000000,Helicopter/Multirotor,0.000000000000000,00:0e:8e:bf:0e:69,DJI,,60.100000000000001,804.779999999999973,M3T,"[""test_1"",""test_2"",""test_3""]",FIN87astrdge12k8,Sim_RID_ACPVDL,"[""66c78dbe411b7b67c46ddc75""]",DroneIDTest,,,1581F5FJC247600DPZQG,"[""1581F5FJC247600DPZQG""]","[{""id"":""1581F5FJC247600DPZQG"",""type"":null,""type_label"":""Unknown""}]",Unknown,0.000000000000000
{4298B080-31D8-D69C-FF8B-F3A71C0E984A},0.000000000000000,1581F5FJC247600DPZQG,4.000000000000000,116.896464109420776,,BTvsCHMBzw9L,"[""852a1393fffffff""]",45.200000000000003,RID,1581F5FJC247600DPZQG,BTvsCHMBzw9L,852a1393fffffff,,"Aug 06, 2024 19:00:34.115516 UTC",1581F5FJC247600DPZQG,2,361.000000,110,80,40.311793886875272,-74.037552835552276,0,2,0,FIN87astrdge12k8,0,Drone ID test flight---,0,20.500000,40.316332803378991,-74.037764444120810,40.311793886875272,-74.037552835552276,00:0e:8e:bf:0e:69,6,2437,-62,DroneIDTest,wlan,40.311793886875272,2.000000000000000,Airborne,-74.037552835552276,RID,test_3,0.000000000000000,Takeoff,Sim_RID_ACPVDL,48.920000000000002,40.316332803378991,-74.037764444120810,0.082974365234375,,2.000000000000000,Helicopter/Multirotor,0.000000000000000,00:0e:8e:bf:0e:69,DJI,,60.100000000000001,804.779999999999973,M3T,"[""test_1"",""test_2"",""test_3""]",FIN87astrdge12k8,Sim_RID_ACPVDL,"[""66c78dbe411b7b67c46ddc75""]",DroneIDTest,,,1581F5FJC247600DPZQG,"[""1581F5FJC247600DPZQG""]","[{""id"":""1581F5FJC247600DPZQG"",""type"":null,""type_label"":""Unknown""}]",Unknown,0.000000000000000
{19D6DFB1-3926-1B10-8EEB-4063C8A0D2F5},0.000000000000000,1581F5FJC247600DPZQG,4.000000000000000,116.896464109420776,,BTvsCHMBzw9L,"[""852a1393fffffff""]",45.200000000000003,RID,1581F5FJC247600DPZQG,BTvsCHMBzw9L,852a1393fffffff,,"Aug 06, 2024 19:00:34.115516 UTC",1581F5FJC247600DPZQG,2,361.000000,110,80,40.311793886875272,-74.037552835552276,0,2,0,FIN87astrdge12k8,0,Drone ID test flight---,0,20.500000,40.316332803378991,-74.037764444120810,40.311793886875272,-74.037552835552276,00:0e:8e:bf:0e:69,6,2437,-62,DroneIDTest,wlan,40.311793886875272,2.000000000000000,Airborne,-74.037552835552276,RID,test_3,0.000000000000000,Takeoff,Sim_RID_ACPVDL,48.920000000000002,40.316332803378991,-74.037764444120810,0.082974365234375,,2.000000000000000,Helicopter/Multirotor,0.000000000000000,00:0e:8e:bf:0e:69,DJI,,60.100000000000001,804.779999999999973,M3T,"[""test_1"",""test_2"",""test_3""]",FIN87astrdge12k8,Sim_RID_ACPVDL,"[""66c78dbe411b7b67c46ddc75""]",DroneIDTest,,,1581F5FJC247600DPZQG,"[""1581F5FJC247600DPZQG""]","[{""id"":""1581F5FJC247600DPZQG"",""type"":null,""type_label"":""Unknown""}]",Unknown,0.000000000000000
{EC476957-62A7-B88E-F958-4F80CF462A4E},0.000000000000000,1581F5FJC247600DPZQG,4.000000000000000,116.896464109420776,,BTvsCHMBzw9L,"[""852a1393fffffff""]",45.200000000000003,RID,1581F5FJC247600DPZQG,BTvsCHMBzw9L,852a1393fffffff,,"Aug 06, 2024 19:00:34.115516 UTC",1581F5FJC247600DPZQG,2,361.000000,110,80,40.311793886875272,-74.037552835552276,0,2,0,FIN87astrdge12k8,0,Drone ID test flight---,0,20.500000,40.316332803378991,-74.037764444120810,40.311793886875272,-74.037552835552276,00:0e:8e:bf:0e:69,6,2437,-62,DroneIDTest,wlan,40.311793886875272,2.000000000000000,Airborne,-74.037552835552276,RID,test_3,0.000000000000000,Takeoff,Sim_RID_ACPVDL,48.920000000000002,40.316332803378991,-74.037764444120810,0.082974365234375,,2.000000000000000,Helicopter/Multirotor,0.000000000000000,00:0e:8e:bf:0e:69,DJI,,60.100000000000001,804.779999999999973,M3T,"[""test_1"",""test_2"",""test_3""]",FIN87astrdge12k8,Sim_RID_ACPVDL,"[""66c78dbe411b7b67c46ddc75""]",DroneIDTest,,,1581F5FJC247600DPZQG,"[""1581F5FJC247600DPZQG""]","[{""id"":""1581F5FJC247600DPZQG"",""type"":null,""type_label"":""Unknown""}]",Unknown,0.000000000000000
{0899FE8C-31FD-AA59-258C-308C65AF8BDE},0.000000000000000,1581F5FJC247600DPZQG,4.000000000000000,116.896464109420776,,BTvsCHMBzw9L,"[""852a1393fffffff""]",45.200000000000003,RID,1581F5FJC247600DPZQG,BTvsCHMBzw9L,852a1393fffffff,,"Aug 06, 2024 19:00:34.115516 UTC",1581F5FJC247600DPZQG,2,361.000000,110,80,40.311793886875272,-74.037552835552276,0,2,0,FIN87astrdge12k8,0,Drone ID test flight---,0,20.500000,40.316332803378991,-74.037764444120810,40.311793886875272,-74.037552835552276,00:0e:8e:bf:0e:69,6,2437,-62,DroneIDTest,wlan,40.311793886875272,2.000000000000000,Airborne,-74.037552835552276,RID,test_3,0.000000000000000,Takeoff,Sim_RID_ACPVDL,48.920000000000002,40.316332803378991,-74.037764444120810,0.082974365234375,,2.000000000000000,Helicopter/Multirotor,0.000000000000000,00:0e:8e:bf:0e:69,DJI,,60.100000000000001,804.779999999999973,M3T,"[""test_1"",""test_2"",""test_3""]",FIN87astrdge12k8,Sim_RID_ACPVDL,"[""66c78dbe411b7b67c46ddc75""]",DroneIDTest,,,1581F5FJC247600DPZQG,"[""1581F5FJC247600DPZQG""]","[{""id"":""1581F5FJC247600DPZQG"",""type"":null,""type_label"":""Unknown""}]",Unknown,0.000000000000000
{9AD36105-B14D-6154-2D77-449601E89062},1.000000000000000,1581F5FJC247600DPZQG,4.000000000000000,116.896464109420776,,BTvsCHMBzw9L,"[""852a1393fffffff""]",45.200000000000003,RID,1581F5FJC247600DPZQG,BTvsCHMBzw9L,852a1393fffffff,,"Aug 06, 2024 19:00:34.115516 UTC",1581F5FJC247600DPZQG,2,361.000000,110,80,40.311793886875272,-74.037552835552276,0,2,0,FIN87astrdge12k8,0,Drone ID test flight---,0,20.500000,40.316332803378991,-74.037764444120810,40.311793886875272,-74.037552835552276,00:0e:8e:bf:0e:69,6,2437,-62,DroneIDTest,wlan,40.311793886875272,2.000000000000000,Airborne,-74.037552835552276,RID,test_3,0.000000000000000,Takeoff,Sim_RID_ACPVDL,48.920000000000002,40.316332803378991,-74.037764444120810,0.082974365234375,,2.000000000000000,Helicopter/Multirotor,0.000000000000000,00:0e:8e:bf:0e:69,DJI,,60.100000000000001,804.779999999999973,M3T,"[""test_1"",""test_2"",""test_3""]",FIN87astrdge12k8,Sim_RID_ACPVDL,"[""66c78dbe411b7b67c46ddc75""]",DroneIDTest,,,1581F5FJC247600DPZQG,"[""1581F5FJC247600DPZQG""]","[{""id"":""1581F5FJC247600DPZQG"",""type"":null,""type_label"":""Unknown""}]",Unknown,0.000000000000000
